raceId,year,round,circuitId,name,location,country,lat,lng
1,2009,1,1,Albert Park Grand Prix Circuit,Melbourne,Australia,-37.8497,144.968
2,2009,2,2,Sepang International Circuit,Kuala Lumpur,Malaysia,2.76083,101.738
3,2009,3,17,Shanghai International Circuit,Shanghai,China,31.3389,121.22
4,2009,4,3,Bahrain International Circuit,Sakhir,Bahrain,26.0325,50.5106
5,2009,5,4,Circuit de Barcelona-Catalunya,Montmeló,Spain,41.57,2.26111
6,2009,6,6,Circuit de Monaco,Monte-Carlo,Monaco,43.7347,7.42056
7,2009,7,5,Istanbul Park,Istanbul,Turkey,40.9517,29.405
8,2009,8,9,Silverstone Circuit,Silverstone,UK,52.0786,-1.01694
9,2009,9,20,Nürburgring,Nürburg,Germany,50.3356,6.9475
10,2009,10,11,Hungaroring,Budapest,Hungary,47.5789,19.2486
11,2009,11,12,Valencia Street Circuit,Valencia,Spain,39.4589,-0.331667
12,2009,12,13,Circuit de Spa-Francorchamps,Spa,Belgium,50.4372,5.97139
13,2009,13,14,Autodromo Nazionale di Monza,Monza,Italy,45.6156,9.28111
14,2009,14,15,Marina Bay Street Circuit,Marina Bay,Singapore,1.2914,103.864
15,2009,15,22,Suzuka Circuit,Suzuka,Japan,34.8431,136.541
16,2009,16,18,Autódromo José Carlos Pace,São Paulo,Brazil,-23.7036,-46.6997
17,2009,17,24,Yas Marina Circuit,Abu Dhabi,UAE,24.4672,54.6031
18,2008,1,1,Albert Park Grand Prix Circuit,Melbourne,Australia,-37.8497,144.968
19,2008,2,2,Sepang International Circuit,Kuala Lumpur,Malaysia,2.76083,101.738
20,2008,3,3,Bahrain International Circuit,Sakhir,Bahrain,26.0325,50.5106
21,2008,4,4,Circuit de Barcelona-Catalunya,Montmeló,Spain,41.57,2.26111
22,2008,5,5,Istanbul Park,Istanbul,Turkey,40.9517,29.405
23,2008,6,6,Circuit de Monaco,Monte-Carlo,Monaco,43.7347,7.42056
24,2008,7,7,Circuit Gilles Villeneuve,Montreal,Canada,45.5,-73.5228
25,2008,8,8,Circuit de Nevers Magny-Cours,Magny Cours,France,46.8642,3.16361
26,2008,9,9,Silverstone Circuit,Silverstone,UK,52.0786,-1.01694
27,2008,10,10,Hockenheimring,Hockenheim,Germany,49.3278,8.56583
28,2008,11,11,Hungaroring,Budapest,Hungary,47.5789,19.2486
29,2008,12,12,Valencia Street Circuit,Valencia,Spain,39.4589,-0.331667
30,2008,13,13,Circuit de Spa-Francorchamps,Spa,Belgium,50.4372,5.97139
31,2008,14,14,Autodromo Nazionale di Monza,Monza,Italy,45.6156,9.28111
32,2008,15,15,Marina Bay Street Circuit,Marina Bay,Singapore,1.2914,103.864
33,2008,16,16,Fuji Speedway,Oyama,Japan,35.3717,138.927
34,2008,17,17,Shanghai International Circuit,Shanghai,China,31.3389,121.22
35,2008,18,18,Autódromo José Carlos Pace,São Paulo,Brazil,-23.7036,-46.6997
36,2007,1,1,Albert Park Grand Prix Circuit,Melbourne,Australia,-37.8497,144.968
37,2007,2,2,Sepang International Circuit,Kuala Lumpur,Malaysia,2.76083,101.738
38,2007,3,3,Bahrain International Circuit,Sakhir,Bahrain,26.0325,50.5106
39,2007,4,4,Circuit de Barcelona-Catalunya,Montmeló,Spain,41.57,2.26111
40,2007,5,6,Circuit de Monaco,Monte-Carlo,Monaco,43.7347,7.42056
41,2007,6,7,Circuit Gilles Villeneuve,Montreal,Canada,45.5,-73.5228
42,2007,7,19,Indianapolis Motor Speedway,Indianapolis,USA,39.795,-86.2347
43,2007,8,8,Circuit de Nevers Magny-Cours,Magny Cours,France,46.8642,3.16361
44,2007,9,9,Silverstone Circuit,Silverstone,UK,52.0786,-1.01694
45,2007,10,20,Nürburgring,Nürburg,Germany,50.3356,6.9475
46,2007,11,11,Hungaroring,Budapest,Hungary,47.5789,19.2486
47,2007,12,5,Istanbul Park,Istanbul,Turkey,40.9517,29.405
48,2007,13,14,Autodromo Nazionale di Monza,Monza,Italy,45.6156,9.28111
49,2007,14,13,Circuit de Spa-Francorchamps,Spa,Belgium,50.4372,5.97139
50,2007,15,16,Fuji Speedway,Oyama,Japan,35.3717,138.927
51,2007,16,17,Shanghai International Circuit,Shanghai,China,31.3389,121.22
52,2007,17,18,Autódromo José Carlos Pace,São Paulo,Brazil,-23.7036,-46.6997
53,2006,1,3,Bahrain International Circuit,Sakhir,Bahrain,26.0325,50.5106
54,2006,2,2,Sepang International Circuit,Kuala Lumpur,Malaysia,2.76083,101.738
55,2006,3,1,Albert Park Grand Prix Circuit,Melbourne,Australia,-37.8497,144.968
56,2006,4,21,Autodromo Enzo e Dino Ferrari,Imola,Italy,44.3439,11.7167
57,2006,5,20,Nürburgring,Nürburg,Germany,50.3356,6.9475
58,2006,6,4,Circuit de Barcelona-Catalunya,Montmeló,Spain,41.57,2.26111
59,2006,7,6,Circuit de Monaco,Monte-Carlo,Monaco,43.7347,7.42056
60,2006,8,9,Silverstone Circuit,Silverstone,UK,52.0786,-1.01694
61,2006,9,7,Circuit Gilles Villeneuve,Montreal,Canada,45.5,-73.5228
62,2006,10,19,Indianapolis Motor Speedway,Indianapolis,USA,39.795,-86.2347
63,2006,11,8,Circuit de Nevers Magny-Cours,Magny Cours,France,46.8642,3.16361
64,2006,12,10,Hockenheimring,Hockenheim,Germany,49.3278,8.56583
65,2006,13,11,Hungaroring,Budapest,Hungary,47.5789,19.2486
66,2006,14,5,Istanbul Park,Istanbul,Turkey,40.9517,29.405
67,2006,15,14,Autodromo Nazionale di Monza,Monza,Italy,45.6156,9.28111
68,2006,16,17,Shanghai International Circuit,Shanghai,China,31.3389,121.22
69,2006,17,22,Suzuka Circuit,Suzuka,Japan,34.8431,136.541
70,2006,18,18,Autódromo José Carlos Pace,São Paulo,Brazil,-23.7036,-46.6997
71,2005,1,1,Albert Park Grand Prix Circuit,Melbourne,Australia,-37.8497,144.968
72,2005,2,2,Sepang International Circuit,Kuala Lumpur,Malaysia,2.76083,101.738
73,2005,3,3,Bahrain International Circuit,Sakhir,Bahrain,26.0325,50.5106
74,2005,4,21,Autodromo Enzo e Dino Ferrari,Imola,Italy,44.3439,11.7167
75,2005,5,4,Circuit de Barcelona-Catalunya,Montmeló,Spain,41.57,2.26111
76,2005,6,6,Circuit de Monaco,Monte-Carlo,Monaco,43.7347,7.42056
77,2005,7,20,Nürburgring,Nürburg,Germany,50.3356,6.9475
78,2005,8,7,Circuit Gilles Villeneuve,Montreal,Canada,45.5,-73.5228
79,2005,9,19,Indianapolis Motor Speedway,Indianapolis,USA,39.795,-86.2347
80,2005,10,8,Circuit de Nevers Magny-Cours,Magny Cours,France,46.8642,3.16361
81,2005,11,9,Silverstone Circuit,Silverstone,UK,52.0786,-1.01694
82,2005,12,10,Hockenheimring,Hockenheim,Germany,49.3278,8.56583
83,2005,13,11,Hungaroring,Budapest,Hungary,47.5789,19.2486
84,2005,14,5,Istanbul Park,Istanbul,Turkey,40.9517,29.405
85,2005,15,14,Autodromo Nazionale di Monza,Monza,Italy,45.6156,9.28111
86,2005,16,13,Circuit de Spa-Francorchamps,Spa,Belgium,50.4372,5.97139
87,2005,17,18,Autódromo José Carlos Pace,São Paulo,Brazil,-23.7036,-46.6997
88,2005,18,22,Suzuka Circuit,Suzuka,Japan,34.8431,136.541
89,2005,19,17,Shanghai International Circuit,Shanghai,China,31.3389,121.22
90,2004,1,1,Albert Park Grand Prix Circuit,Melbourne,Australia,-37.8497,144.968
91,2004,2,2,Sepang International Circuit,Kuala Lumpur,Malaysia,2.76083,101.738
92,2004,3,3,Bahrain International Circuit,Sakhir,Bahrain,26.0325,50.5106
93,2004,4,21,Autodromo Enzo e Dino Ferrari,Imola,Italy,44.3439,11.7167
94,2004,5,4,Circuit de Barcelona-Catalunya,Montmeló,Spain,41.57,2.26111
95,2004,6,6,Circuit de Monaco,Monte-Carlo,Monaco,43.7347,7.42056
96,2004,7,20,Nürburgring,Nürburg,Germany,50.3356,6.9475
97,2004,8,7,Circuit Gilles Villeneuve,Montreal,Canada,45.5,-73.5228
98,2004,9,19,Indianapolis Motor Speedway,Indianapolis,USA,39.795,-86.2347
99,2004,10,8,Circuit de Nevers Magny-Cours,Magny Cours,France,46.8642,3.16361
100,2004,11,9,Silverstone Circuit,Silverstone,UK,52.0786,-1.01694
101,2004,12,10,Hockenheimring,Hockenheim,Germany,49.3278,8.56583
102,2004,13,11,Hungaroring,Budapest,Hungary,47.5789,19.2486
103,2004,14,13,Circuit de Spa-Francorchamps,Spa,Belgium,50.4372,5.97139
104,2004,15,14,Autodromo Nazionale di Monza,Monza,Italy,45.6156,9.28111
105,2004,16,17,Shanghai International Circuit,Shanghai,China,31.3389,121.22
106,2004,17,22,Suzuka Circuit,Suzuka,Japan,34.8431,136.541
107,2004,18,18,Autódromo José Carlos Pace,São Paulo,Brazil,-23.7036,-46.6997
108,2003,1,1,Albert Park Grand Prix Circuit,Melbourne,Australia,-37.8497,144.968
109,2003,2,2,Sepang International Circuit,Kuala Lumpur,Malaysia,2.76083,101.738
110,2003,3,18,Autódromo José Carlos Pace,São Paulo,Brazil,-23.7036,-46.6997
111,2003,4,21,Autodromo Enzo e Dino Ferrari,Imola,Italy,44.3439,11.7167
112,2003,5,4,Circuit de Barcelona-Catalunya,Montmeló,Spain,41.57,2.26111
113,2003,6,70,Red Bull Ring,Spielberg,Austria,47.2197,14.7647
114,2003,7,6,Circuit de Monaco,Monte-Carlo,Monaco,43.7347,7.42056
115,2003,8,7,Circuit Gilles Villeneuve,Montreal,Canada,45.5,-73.5228
116,2003,9,20,Nürburgring,Nürburg,Germany,50.3356,6.9475
117,2003,10,8,Circuit de Nevers Magny-Cours,Magny Cours,France,46.8642,3.16361
118,2003,11,9,Silverstone Circuit,Silverstone,UK,52.0786,-1.01694
119,2003,12,10,Hockenheimring,Hockenheim,Germany,49.3278,8.56583
120,2003,13,11,Hungaroring,Budapest,Hungary,47.5789,19.2486
121,2003,14,14,Autodromo Nazionale di Monza,Monza,Italy,45.6156,9.28111
122,2003,15,19,Indianapolis Motor Speedway,Indianapolis,USA,39.795,-86.2347
123,2003,16,22,Suzuka Circuit,Suzuka,Japan,34.8431,136.541
124,2002,1,1,Albert Park Grand Prix Circuit,Melbourne,Australia,-37.8497,144.968
125,2002,2,2,Sepang International Circuit,Kuala Lumpur,Malaysia,2.76083,101.738
126,2002,3,18,Autódromo José Carlos Pace,São Paulo,Brazil,-23.7036,-46.6997
127,2002,4,21,Autodromo Enzo e Dino Ferrari,Imola,Italy,44.3439,11.7167
128,2002,5,4,Circuit de Barcelona-Catalunya,Montmeló,Spain,41.57,2.26111
129,2002,6,70,Red Bull Ring,Spielberg,Austria,47.2197,14.7647
130,2002,7,6,Circuit de Monaco,Monte-Carlo,Monaco,43.7347,7.42056
131,2002,8,7,Circuit Gilles Villeneuve,Montreal,Canada,45.5,-73.5228
132,2002,9,20,Nürburgring,Nürburg,Germany,50.3356,6.9475
133,2002,10,9,Silverstone Circuit,Silverstone,UK,52.0786,-1.01694
134,2002,11,8,Circuit de Nevers Magny-Cours,Magny Cours,France,46.8642,3.16361
135,2002,12,10,Hockenheimring,Hockenheim,Germany,49.3278,8.56583
136,2002,13,11,Hungaroring,Budapest,Hungary,47.5789,19.2486
137,2002,14,13,Circuit de Spa-Francorchamps,Spa,Belgium,50.4372,5.97139
138,2002,15,14,Autodromo Nazionale di Monza,Monza,Italy,45.6156,9.28111
139,2002,16,19,Indianapolis Motor Speedway,Indianapolis,USA,39.795,-86.2347
140,2002,17,22,Suzuka Circuit,Suzuka,Japan,34.8431,136.541
141,2001,1,1,Albert Park Grand Prix Circuit,Melbourne,Australia,-37.8497,144.968
142,2001,2,2,Sepang International Circuit,Kuala Lumpur,Malaysia,2.76083,101.738
143,2001,3,18,Autódromo José Carlos Pace,São Paulo,Brazil,-23.7036,-46.6997
144,2001,4,21,Autodromo Enzo e Dino Ferrari,Imola,Italy,44.3439,11.7167
145,2001,5,4,Circuit de Barcelona-Catalunya,Montmeló,Spain,41.57,2.26111
146,2001,6,70,Red Bull Ring,Spielberg,Austria,47.2197,14.7647
147,2001,7,6,Circuit de Monaco,Monte-Carlo,Monaco,43.7347,7.42056
148,2001,8,7,Circuit Gilles Villeneuve,Montreal,Canada,45.5,-73.5228
149,2001,9,20,Nürburgring,Nürburg,Germany,50.3356,6.9475
150,2001,10,8,Circuit de Nevers Magny-Cours,Magny Cours,France,46.8642,3.16361
151,2001,11,9,Silverstone Circuit,Silverstone,UK,52.0786,-1.01694
152,2001,12,10,Hockenheimring,Hockenheim,Germany,49.3278,8.56583
153,2001,13,11,Hungaroring,Budapest,Hungary,47.5789,19.2486
154,2001,14,13,Circuit de Spa-Francorchamps,Spa,Belgium,50.4372,5.97139
155,2001,15,14,Autodromo Nazionale di Monza,Monza,Italy,45.6156,9.28111
156,2001,16,19,Indianapolis Motor Speedway,Indianapolis,USA,39.795,-86.2347
157,2001,17,22,Suzuka Circuit,Suzuka,Japan,34.8431,136.541
158,2000,1,1,Albert Park Grand Prix Circuit,Melbourne,Australia,-37.8497,144.968
159,2000,2,18,Autódromo José Carlos Pace,São Paulo,Brazil,-23.7036,-46.6997
160,2000,3,21,Autodromo Enzo e Dino Ferrari,Imola,Italy,44.3439,11.7167
161,2000,4,9,Silverstone Circuit,Silverstone,UK,52.0786,-1.01694
162,2000,5,4,Circuit de Barcelona-Catalunya,Montmeló,Spain,41.57,2.26111
163,2000,6,20,Nürburgring,Nürburg,Germany,50.3356,6.9475
164,2000,7,6,Circuit de Monaco,Monte-Carlo,Monaco,43.7347,7.42056
165,2000,8,7,Circuit Gilles Villeneuve,Montreal,Canada,45.5,-73.5228
166,2000,9,8,Circuit de Nevers Magny-Cours,Magny Cours,France,46.8642,3.16361
167,2000,10,70,Red Bull Ring,Spielberg,Austria,47.2197,14.7647
168,2000,11,10,Hockenheimring,Hockenheim,Germany,49.3278,8.56583
169,2000,12,11,Hungaroring,Budapest,Hungary,47.5789,19.2486
170,2000,13,13,Circuit de Spa-Francorchamps,Spa,Belgium,50.4372,5.97139
171,2000,14,14,Autodromo Nazionale di Monza,Monza,Italy,45.6156,9.28111
172,2000,15,19,Indianapolis Motor Speedway,Indianapolis,USA,39.795,-86.2347
173,2000,16,22,Suzuka Circuit,Suzuka,Japan,34.8431,136.541
174,2000,17,2,Sepang International Circuit,Kuala Lumpur,Malaysia,2.76083,101.738
175,1999,1,1,Albert Park Grand Prix Circuit,Melbourne,Australia,-37.8497,144.968
176,1999,2,18,Autódromo José Carlos Pace,São Paulo,Brazil,-23.7036,-46.6997
177,1999,3,21,Autodromo Enzo e Dino Ferrari,Imola,Italy,44.3439,11.7167
178,1999,4,6,Circuit de Monaco,Monte-Carlo,Monaco,43.7347,7.42056
179,1999,5,4,Circuit de Barcelona-Catalunya,Montmeló,Spain,41.57,2.26111
180,1999,6,7,Circuit Gilles Villeneuve,Montreal,Canada,45.5,-73.5228
181,1999,7,8,Circuit de Nevers Magny-Cours,Magny Cours,France,46.8642,3.16361
182,1999,8,9,Silverstone Circuit,Silverstone,UK,52.0786,-1.01694
183,1999,9,70,Red Bull Ring,Spielberg,Austria,47.2197,14.7647
184,1999,10,10,Hockenheimring,Hockenheim,Germany,49.3278,8.56583
185,1999,11,11,Hungaroring,Budapest,Hungary,47.5789,19.2486
186,1999,12,13,Circuit de Spa-Francorchamps,Spa,Belgium,50.4372,5.97139
187,1999,13,14,Autodromo Nazionale di Monza,Monza,Italy,45.6156,9.28111
188,1999,14,20,Nürburgring,Nürburg,Germany,50.3356,6.9475
189,1999,15,2,Sepang International Circuit,Kuala Lumpur,Malaysia,2.76083,101.738
190,1999,16,22,Suzuka Circuit,Suzuka,Japan,34.8431,136.541
191,1998,1,1,Albert Park Grand Prix Circuit,Melbourne,Australia,-37.8497,144.968
192,1998,2,18,Autódromo José Carlos Pace,São Paulo,Brazil,-23.7036,-46.6997
193,1998,3,25,Autódromo Juan y Oscar Gálvez,Buenos Aires,Argentina,-34.6943,-58.4593
194,1998,4,21,Autodromo Enzo e Dino Ferrari,Imola,Italy,44.3439,11.7167
195,1998,5,4,Circuit de Barcelona-Catalunya,Montmeló,Spain,41.57,2.26111
196,1998,6,6,Circuit de Monaco,Monte-Carlo,Monaco,43.7347,7.42056
197,1998,7,7,Circuit Gilles Villeneuve,Montreal,Canada,45.5,-73.5228
198,1998,8,8,Circuit de Nevers Magny-Cours,Magny Cours,France,46.8642,3.16361
199,1998,9,9,Silverstone Circuit,Silverstone,UK,52.0786,-1.01694
200,1998,10,70,Red Bull Ring,Spielberg,Austria,47.2197,14.7647
201,1998,11,10,Hockenheimring,Hockenheim,Germany,49.3278,8.56583
202,1998,12,11,Hungaroring,Budapest,Hungary,47.5789,19.2486
203,1998,13,13,Circuit de Spa-Francorchamps,Spa,Belgium,50.4372,5.97139
204,1998,14,14,Autodromo Nazionale di Monza,Monza,Italy,45.6156,9.28111
205,1998,15,20,Nürburgring,Nürburg,Germany,50.3356,6.9475
206,1998,16,22,Suzuka Circuit,Suzuka,Japan,34.8431,136.541
207,1997,1,1,Albert Park Grand Prix Circuit,Melbourne,Australia,-37.8497,144.968
208,1997,2,18,Autódromo José Carlos Pace,São Paulo,Brazil,-23.7036,-46.6997
209,1997,3,25,Autódromo Juan y Oscar Gálvez,Buenos Aires,Argentina,-34.6943,-58.4593
210,1997,4,21,Autodromo Enzo e Dino Ferrari,Imola,Italy,44.3439,11.7167
211,1997,5,6,Circuit de Monaco,Monte-Carlo,Monaco,43.7347,7.42056
212,1997,6,4,Circuit de Barcelona-Catalunya,Montmeló,Spain,41.57,2.26111
213,1997,7,7,Circuit Gilles Villeneuve,Montreal,Canada,45.5,-73.5228
214,1997,8,8,Circuit de Nevers Magny-Cours,Magny Cours,France,46.8642,3.16361
215,1997,9,9,Silverstone Circuit,Silverstone,UK,52.0786,-1.01694
216,1997,10,10,Hockenheimring,Hockenheim,Germany,49.3278,8.56583
217,1997,11,11,Hungaroring,Budapest,Hungary,47.5789,19.2486
218,1997,12,13,Circuit de Spa-Francorchamps,Spa,Belgium,50.4372,5.97139
219,1997,13,14,Autodromo Nazionale di Monza,Monza,Italy,45.6156,9.28111
220,1997,14,70,Red Bull Ring,Spielberg,Austria,47.2197,14.7647
221,1997,15,20,Nürburgring,Nürburg,Germany,50.3356,6.9475
222,1997,16,22,Suzuka Circuit,Suzuka,Japan,34.8431,136.541
223,1997,17,26,Circuito de Jerez,Jerez de la Frontera,Spain,36.7083,-6.03417
224,1996,1,1,Albert Park Grand Prix Circuit,Melbourne,Australia,-37.8497,144.968
225,1996,2,18,Autódromo José Carlos Pace,São Paulo,Brazil,-23.7036,-46.6997
226,1996,3,25,Autódromo Juan y Oscar Gálvez,Buenos Aires,Argentina,-34.6943,-58.4593
227,1996,4,20,Nürburgring,Nürburg,Germany,50.3356,6.9475
228,1996,5,21,Autodromo Enzo e Dino Ferrari,Imola,Italy,44.3439,11.7167
229,1996,6,6,Circuit de Monaco,Monte-Carlo,Monaco,43.7347,7.42056
230,1996,7,4,Circuit de Barcelona-Catalunya,Montmeló,Spain,41.57,2.26111
231,1996,8,7,Circuit Gilles Villeneuve,Montreal,Canada,45.5,-73.5228
232,1996,9,8,Circuit de Nevers Magny-Cours,Magny Cours,France,46.8642,3.16361
233,1996,10,9,Silverstone Circuit,Silverstone,UK,52.0786,-1.01694
234,1996,11,10,Hockenheimring,Hockenheim,Germany,49.3278,8.56583
235,1996,12,11,Hungaroring,Budapest,Hungary,47.5789,19.2486
236,1996,13,13,Circuit de Spa-Francorchamps,Spa,Belgium,50.4372,5.97139
237,1996,14,14,Autodromo Nazionale di Monza,Monza,Italy,45.6156,9.28111
238,1996,15,27,Autódromo do Estoril,Estoril,Portugal,38.7506,-9.39417
239,1996,16,22,Suzuka Circuit,Suzuka,Japan,34.8431,136.541
240,1995,1,18,Autódromo José Carlos Pace,São Paulo,Brazil,-23.7036,-46.6997
241,1995,2,25,Autódromo Juan y Oscar Gálvez,Buenos Aires,Argentina,-34.6943,-58.4593
242,1995,3,21,Autodromo Enzo e Dino Ferrari,Imola,Italy,44.3439,11.7167
243,1995,4,4,Circuit de Barcelona-Catalunya,Montmeló,Spain,41.57,2.26111
244,1995,5,6,Circuit de Monaco,Monte-Carlo,Monaco,43.7347,7.42056
245,1995,6,7,Circuit Gilles Villeneuve,Montreal,Canada,45.5,-73.5228
246,1995,7,8,Circuit de Nevers Magny-Cours,Magny Cours,France,46.8642,3.16361
247,1995,8,9,Silverstone Circuit,Silverstone,UK,52.0786,-1.01694
248,1995,9,10,Hockenheimring,Hockenheim,Germany,49.3278,8.56583
249,1995,10,11,Hungaroring,Budapest,Hungary,47.5789,19.2486
250,1995,11,13,Circuit de Spa-Francorchamps,Spa,Belgium,50.4372,5.97139
251,1995,12,14,Autodromo Nazionale di Monza,Monza,Italy,45.6156,9.28111
252,1995,13,27,Autódromo do Estoril,Estoril,Portugal,38.7506,-9.39417
253,1995,14,20,Nürburgring,Nürburg,Germany,50.3356,6.9475
254,1995,15,28,Okayama International Circuit,Okayama,Japan,34.915,134.221
255,1995,16,22,Suzuka Circuit,Suzuka,Japan,34.8431,136.541
256,1995,17,29,Adelaide Street Circuit,Adelaide,Australia,-34.9272,138.617
257,1994,1,18,Autódromo José Carlos Pace,São Paulo,Brazil,-23.7036,-46.6997
258,1994,2,28,Okayama International Circuit,Okayama,Japan,34.915,134.221
259,1994,3,21,Autodromo Enzo e Dino Ferrari,Imola,Italy,44.3439,11.7167
260,1994,4,6,Circuit de Monaco,Monte-Carlo,Monaco,43.7347,7.42056
261,1994,5,4,Circuit de Barcelona-Catalunya,Montmeló,Spain,41.57,2.26111
262,1994,6,7,Circuit Gilles Villeneuve,Montreal,Canada,45.5,-73.5228
263,1994,7,8,Circuit de Nevers Magny-Cours,Magny Cours,France,46.8642,3.16361
264,1994,8,9,Silverstone Circuit,Silverstone,UK,52.0786,-1.01694
265,1994,9,10,Hockenheimring,Hockenheim,Germany,49.3278,8.56583
266,1994,10,11,Hungaroring,Budapest,Hungary,47.5789,19.2486
267,1994,11,13,Circuit de Spa-Francorchamps,Spa,Belgium,50.4372,5.97139
268,1994,12,14,Autodromo Nazionale di Monza,Monza,Italy,45.6156,9.28111
269,1994,13,27,Autódromo do Estoril,Estoril,Portugal,38.7506,-9.39417
270,1994,14,26,Circuito de Jerez,Jerez de la Frontera,Spain,36.7083,-6.03417
271,1994,15,22,Suzuka Circuit,Suzuka,Japan,34.8431,136.541
272,1994,16,29,Adelaide Street Circuit,Adelaide,Australia,-34.9272,138.617
273,1993,1,30,Kyalami,Midrand,South Africa,-25.9894,28.0767
274,1993,2,18,Autódromo José Carlos Pace,São Paulo,Brazil,-23.7036,-46.6997
275,1993,3,31,Donington Park,Castle Donington,UK,52.8306,-1.37528
276,1993,4,21,Autodromo Enzo e Dino Ferrari,Imola,Italy,44.3439,11.7167
277,1993,5,4,Circuit de Barcelona-Catalunya,Montmeló,Spain,41.57,2.26111
278,1993,6,6,Circuit de Monaco,Monte-Carlo,Monaco,43.7347,7.42056
279,1993,7,7,Circuit Gilles Villeneuve,Montreal,Canada,45.5,-73.5228
280,1993,8,8,Circuit de Nevers Magny-Cours,Magny Cours,France,46.8642,3.16361
281,1993,9,9,Silverstone Circuit,Silverstone,UK,52.0786,-1.01694
282,1993,10,10,Hockenheimring,Hockenheim,Germany,49.3278,8.56583
283,1993,11,11,Hungaroring,Budapest,Hungary,47.5789,19.2486
284,1993,12,13,Circuit de Spa-Francorchamps,Spa,Belgium,50.4372,5.97139
285,1993,13,14,Autodromo Nazionale di Monza,Monza,Italy,45.6156,9.28111
286,1993,14,27,Autódromo do Estoril,Estoril,Portugal,38.7506,-9.39417
287,1993,15,22,Suzuka Circuit,Suzuka,Japan,34.8431,136.541
288,1993,16,29,Adelaide Street Circuit,Adelaide,Australia,-34.9272,138.617
289,1992,1,30,Kyalami,Midrand,South Africa,-25.9894,28.0767
290,1992,2,32,Autódromo Hermanos Rodríguez,Mexico City,Mexico,19.4042,-99.0907
291,1992,3,18,Autódromo José Carlos Pace,São Paulo,Brazil,-23.7036,-46.6997
292,1992,4,4,Circuit de Barcelona-Catalunya,Montmeló,Spain,41.57,2.26111
293,1992,5,21,Autodromo Enzo e Dino Ferrari,Imola,Italy,44.3439,11.7167
294,1992,6,6,Circuit de Monaco,Monte-Carlo,Monaco,43.7347,7.42056
295,1992,7,7,Circuit Gilles Villeneuve,Montreal,Canada,45.5,-73.5228
296,1992,8,8,Circuit de Nevers Magny-Cours,Magny Cours,France,46.8642,3.16361
297,1992,9,9,Silverstone Circuit,Silverstone,UK,52.0786,-1.01694
298,1992,10,10,Hockenheimring,Hockenheim,Germany,49.3278,8.56583
299,1992,11,11,Hungaroring,Budapest,Hungary,47.5789,19.2486
300,1992,12,13,Circuit de Spa-Francorchamps,Spa,Belgium,50.4372,5.97139
301,1992,13,14,Autodromo Nazionale di Monza,Monza,Italy,45.6156,9.28111
302,1992,14,27,Autódromo do Estoril,Estoril,Portugal,38.7506,-9.39417
303,1992,15,22,Suzuka Circuit,Suzuka,Japan,34.8431,136.541
304,1992,16,29,Adelaide Street Circuit,Adelaide,Australia,-34.9272,138.617
305,1991,1,33,Phoenix street circuit,Phoenix,USA,33.4479,-112.075
306,1991,2,18,Autódromo José Carlos Pace,São Paulo,Brazil,-23.7036,-46.6997
307,1991,3,21,Autodromo Enzo e Dino Ferrari,Imola,Italy,44.3439,11.7167
308,1991,4,6,Circuit de Monaco,Monte-Carlo,Monaco,43.7347,7.42056
309,1991,5,7,Circuit Gilles Villeneuve,Montreal,Canada,45.5,-73.5228
310,1991,6,32,Autódromo Hermanos Rodríguez,Mexico City,Mexico,19.4042,-99.0907
311,1991,7,8,Circuit de Nevers Magny-Cours,Magny Cours,France,46.8642,3.16361
312,1991,8,9,Silverstone Circuit,Silverstone,UK,52.0786,-1.01694
313,1991,9,10,Hockenheimring,Hockenheim,Germany,49.3278,8.56583
314,1991,10,11,Hungaroring,Budapest,Hungary,47.5789,19.2486
315,1991,11,13,Circuit de Spa-Francorchamps,Spa,Belgium,50.4372,5.97139
316,1991,12,14,Autodromo Nazionale di Monza,Monza,Italy,45.6156,9.28111
317,1991,13,27,Autódromo do Estoril,Estoril,Portugal,38.7506,-9.39417
318,1991,14,4,Circuit de Barcelona-Catalunya,Montmeló,Spain,41.57,2.26111
319,1991,15,22,Suzuka Circuit,Suzuka,Japan,34.8431,136.541
320,1991,16,29,Adelaide Street Circuit,Adelaide,Australia,-34.9272,138.617
321,1990,1,33,Phoenix street circuit,Phoenix,USA,33.4479,-112.075
322,1990,2,18,Autódromo José Carlos Pace,São Paulo,Brazil,-23.7036,-46.6997
323,1990,3,21,Autodromo Enzo e Dino Ferrari,Imola,Italy,44.3439,11.7167
324,1990,4,6,Circuit de Monaco,Monte-Carlo,Monaco,43.7347,7.42056
325,1990,5,7,Circuit Gilles Villeneuve,Montreal,Canada,45.5,-73.5228
326,1990,6,32,Autódromo Hermanos Rodríguez,Mexico City,Mexico,19.4042,-99.0907
327,1990,7,34,Circuit Paul Ricard,Le Castellet,France,43.2506,5.79167
328,1990,8,9,Silverstone Circuit,Silverstone,UK,52.0786,-1.01694
329,1990,9,10,Hockenheimring,Hockenheim,Germany,49.3278,8.56583
330,1990,10,11,Hungaroring,Budapest,Hungary,47.5789,19.2486
331,1990,11,13,Circuit de Spa-Francorchamps,Spa,Belgium,50.4372,5.97139
332,1990,12,14,Autodromo Nazionale di Monza,Monza,Italy,45.6156,9.28111
333,1990,13,27,Autódromo do Estoril,Estoril,Portugal,38.7506,-9.39417
334,1990,14,26,Circuito de Jerez,Jerez de la Frontera,Spain,36.7083,-6.03417
335,1990,15,22,Suzuka Circuit,Suzuka,Japan,34.8431,136.541
336,1990,16,29,Adelaide Street Circuit,Adelaide,Australia,-34.9272,138.617
337,2010,1,3,Bahrain International Circuit,Sakhir,Bahrain,26.0325,50.5106
338,2010,2,1,Albert Park Grand Prix Circuit,Melbourne,Australia,-37.8497,144.968
339,2010,3,2,Sepang International Circuit,Kuala Lumpur,Malaysia,2.76083,101.738
340,2010,4,17,Shanghai International Circuit,Shanghai,China,31.3389,121.22
341,2010,5,4,Circuit de Barcelona-Catalunya,Montmeló,Spain,41.57,2.26111
342,2010,6,6,Circuit de Monaco,Monte-Carlo,Monaco,43.7347,7.42056
343,2010,7,5,Istanbul Park,Istanbul,Turkey,40.9517,29.405
344,2010,8,7,Circuit Gilles Villeneuve,Montreal,Canada,45.5,-73.5228
345,2010,9,12,Valencia Street Circuit,Valencia,Spain,39.4589,-0.331667
346,2010,10,9,Silverstone Circuit,Silverstone,UK,52.0786,-1.01694
347,2010,11,10,Hockenheimring,Hockenheim,Germany,49.3278,8.56583
348,2010,12,11,Hungaroring,Budapest,Hungary,47.5789,19.2486
349,2010,13,13,Circuit de Spa-Francorchamps,Spa,Belgium,50.4372,5.97139
350,2010,14,14,Autodromo Nazionale di Monza,Monza,Italy,45.6156,9.28111
351,2010,15,15,Marina Bay Street Circuit,Marina Bay,Singapore,1.2914,103.864
352,2010,16,22,Suzuka Circuit,Suzuka,Japan,34.8431,136.541
353,2010,17,35,Korean International Circuit,Yeongam County,Korea,34.7333,126.417
354,2010,18,18,Autódromo José Carlos Pace,São Paulo,Brazil,-23.7036,-46.6997
355,2010,19,24,Yas Marina Circuit,Abu Dhabi,UAE,24.4672,54.6031
356,1989,1,36,Autódromo Internacional Nelson Piquet,Rio de Janeiro,Brazil,-22.9756,-43.395
357,1989,2,21,Autodromo Enzo e Dino Ferrari,Imola,Italy,44.3439,11.7167
358,1989,3,6,Circuit de Monaco,Monte-Carlo,Monaco,43.7347,7.42056
359,1989,4,32,Autódromo Hermanos Rodríguez,Mexico City,Mexico,19.4042,-99.0907
360,1989,5,33,Phoenix street circuit,Phoenix,USA,33.4479,-112.075
361,1989,6,7,Circuit Gilles Villeneuve,Montreal,Canada,45.5,-73.5228
362,1989,7,34,Circuit Paul Ricard,Le Castellet,France,43.2506,5.79167
363,1989,8,9,Silverstone Circuit,Silverstone,UK,52.0786,-1.01694
364,1989,9,10,Hockenheimring,Hockenheim,Germany,49.3278,8.56583
365,1989,10,11,Hungaroring,Budapest,Hungary,47.5789,19.2486
366,1989,11,13,Circuit de Spa-Francorchamps,Spa,Belgium,50.4372,5.97139
367,1989,12,14,Autodromo Nazionale di Monza,Monza,Italy,45.6156,9.28111
368,1989,13,27,Autódromo do Estoril,Estoril,Portugal,38.7506,-9.39417
369,1989,14,26,Circuito de Jerez,Jerez de la Frontera,Spain,36.7083,-6.03417
370,1989,15,22,Suzuka Circuit,Suzuka,Japan,34.8431,136.541
371,1989,16,29,Adelaide Street Circuit,Adelaide,Australia,-34.9272,138.617
372,1988,1,36,Autódromo Internacional Nelson Piquet,Rio de Janeiro,Brazil,-22.9756,-43.395
373,1988,2,21,Autodromo Enzo e Dino Ferrari,Imola,Italy,44.3439,11.7167
374,1988,3,6,Circuit de Monaco,Monte-Carlo,Monaco,43.7347,7.42056
375,1988,4,32,Autódromo Hermanos Rodríguez,Mexico City,Mexico,19.4042,-99.0907
376,1988,5,7,Circuit Gilles Villeneuve,Montreal,Canada,45.5,-73.5228
377,1988,6,37,Detroit Street Circuit,Detroit,USA,42.3298,-83.0401
378,1988,7,34,Circuit Paul Ricard,Le Castellet,France,43.2506,5.79167
379,1988,8,9,Silverstone Circuit,Silverstone,UK,52.0786,-1.01694
380,1988,9,10,Hockenheimring,Hockenheim,Germany,49.3278,8.56583
381,1988,10,11,Hungaroring,Budapest,Hungary,47.5789,19.2486
382,1988,11,13,Circuit de Spa-Francorchamps,Spa,Belgium,50.4372,5.97139
383,1988,12,14,Autodromo Nazionale di Monza,Monza,Italy,45.6156,9.28111
384,1988,13,27,Autódromo do Estoril,Estoril,Portugal,38.7506,-9.39417
385,1988,14,26,Circuito de Jerez,Jerez de la Frontera,Spain,36.7083,-6.03417
386,1988,15,22,Suzuka Circuit,Suzuka,Japan,34.8431,136.541
387,1988,16,29,Adelaide Street Circuit,Adelaide,Australia,-34.9272,138.617
388,1987,1,36,Autódromo Internacional Nelson Piquet,Rio de Janeiro,Brazil,-22.9756,-43.395
389,1987,2,21,Autodromo Enzo e Dino Ferrari,Imola,Italy,44.3439,11.7167
390,1987,3,13,Circuit de Spa-Francorchamps,Spa,Belgium,50.4372,5.97139
391,1987,4,6,Circuit de Monaco,Monte-Carlo,Monaco,43.7347,7.42056
392,1987,5,37,Detroit Street Circuit,Detroit,USA,42.3298,-83.0401
393,1987,6,34,Circuit Paul Ricard,Le Castellet,France,43.2506,5.79167
394,1987,7,9,Silverstone Circuit,Silverstone,UK,52.0786,-1.01694
395,1987,8,10,Hockenheimring,Hockenheim,Germany,49.3278,8.56583
396,1987,9,11,Hungaroring,Budapest,Hungary,47.5789,19.2486
397,1987,10,70,Red Bull Ring,Spielberg,Austria,47.2197,14.7647
398,1987,11,14,Autodromo Nazionale di Monza,Monza,Italy,45.6156,9.28111
399,1987,12,27,Autódromo do Estoril,Estoril,Portugal,38.7506,-9.39417
400,1987,13,26,Circuito de Jerez,Jerez de la Frontera,Spain,36.7083,-6.03417
401,1987,14,32,Autódromo Hermanos Rodríguez,Mexico City,Mexico,19.4042,-99.0907
402,1987,15,22,Suzuka Circuit,Suzuka,Japan,34.8431,136.541
403,1987,16,29,Adelaide Street Circuit,Adelaide,Australia,-34.9272,138.617
404,1986,1,36,Autódromo Internacional Nelson Piquet,Rio de Janeiro,Brazil,-22.9756,-43.395
405,1986,2,26,Circuito de Jerez,Jerez de la Frontera,Spain,36.7083,-6.03417
406,1986,3,21,Autodromo Enzo e Dino Ferrari,Imola,Italy,44.3439,11.7167
407,1986,4,6,Circuit de Monaco,Monte-Carlo,Monaco,43.7347,7.42056
408,1986,5,13,Circuit de Spa-Francorchamps,Spa,Belgium,50.4372,5.97139
409,1986,6,7,Circuit Gilles Villeneuve,Montreal,Canada,45.5,-73.5228
410,1986,7,37,Detroit Street Circuit,Detroit,USA,42.3298,-83.0401
411,1986,8,34,Circuit Paul Ricard,Le Castellet,France,43.2506,5.79167
412,1986,9,38,Brands Hatch,Kent,UK,51.3569,0.263056
413,1986,10,10,Hockenheimring,Hockenheim,Germany,49.3278,8.56583
414,1986,11,11,Hungaroring,Budapest,Hungary,47.5789,19.2486
415,1986,12,70,Red Bull Ring,Spielberg,Austria,47.2197,14.7647
416,1986,13,14,Autodromo Nazionale di Monza,Monza,Italy,45.6156,9.28111
417,1986,14,27,Autódromo do Estoril,Estoril,Portugal,38.7506,-9.39417
418,1986,15,32,Autódromo Hermanos Rodríguez,Mexico City,Mexico,19.4042,-99.0907
419,1986,16,29,Adelaide Street Circuit,Adelaide,Australia,-34.9272,138.617
420,1985,1,36,Autódromo Internacional Nelson Piquet,Rio de Janeiro,Brazil,-22.9756,-43.395
421,1985,2,27,Autódromo do Estoril,Estoril,Portugal,38.7506,-9.39417
422,1985,3,21,Autodromo Enzo e Dino Ferrari,Imola,Italy,44.3439,11.7167
423,1985,4,6,Circuit de Monaco,Monte-Carlo,Monaco,43.7347,7.42056
424,1985,5,7,Circuit Gilles Villeneuve,Montreal,Canada,45.5,-73.5228
425,1985,6,37,Detroit Street Circuit,Detroit,USA,42.3298,-83.0401
426,1985,7,34,Circuit Paul Ricard,Le Castellet,France,43.2506,5.79167
427,1985,8,9,Silverstone Circuit,Silverstone,UK,52.0786,-1.01694
428,1985,9,20,Nürburgring,Nürburg,Germany,50.3356,6.9475
429,1985,10,70,Red Bull Ring,Spielberg,Austria,47.2197,14.7647
430,1985,11,39,Circuit Park Zandvoort,Zandvoort,Netherlands,52.3888,4.54092
431,1985,12,14,Autodromo Nazionale di Monza,Monza,Italy,45.6156,9.28111
432,1985,13,13,Circuit de Spa-Francorchamps,Spa,Belgium,50.4372,5.97139
433,1985,14,38,Brands Hatch,Kent,UK,51.3569,0.263056
434,1985,15,30,Kyalami,Midrand,South Africa,-25.9894,28.0767
435,1985,16,29,Adelaide Street Circuit,Adelaide,Australia,-34.9272,138.617
436,1984,1,36,Autódromo Internacional Nelson Piquet,Rio de Janeiro,Brazil,-22.9756,-43.395
437,1984,2,30,Kyalami,Midrand,South Africa,-25.9894,28.0767
438,1984,3,40,Zolder,Heusden-Zolder,Belgium,50.9894,5.25694
439,1984,4,21,Autodromo Enzo e Dino Ferrari,Imola,Italy,44.3439,11.7167
440,1984,5,41,Dijon-Prenois,Dijon,France,47.3625,4.89913
441,1984,6,6,Circuit de Monaco,Monte-Carlo,Monaco,43.7347,7.42056
442,1984,7,7,Circuit Gilles Villeneuve,Montreal,Canada,45.5,-73.5228
443,1984,8,37,Detroit Street Circuit,Detroit,USA,42.3298,-83.0401
444,1984,9,42,Fair Park,Dallas,USA,32.7774,-96.7587
445,1984,10,38,Brands Hatch,Kent,UK,51.3569,0.263056
446,1984,11,10,Hockenheimring,Hockenheim,Germany,49.3278,8.56583
447,1984,12,70,Red Bull Ring,Spielberg,Austria,47.2197,14.7647
448,1984,13,39,Circuit Park Zandvoort,Zandvoort,Netherlands,52.3888,4.54092
449,1984,14,14,Autodromo Nazionale di Monza,Monza,Italy,45.6156,9.28111
450,1984,15,20,Nürburgring,Nürburg,Germany,50.3356,6.9475
451,1984,16,27,Autódromo do Estoril,Estoril,Portugal,38.7506,-9.39417
452,1983,1,36,Autódromo Internacional Nelson Piquet,Rio de Janeiro,Brazil,-22.9756,-43.395
453,1983,2,43,Long Beach,California,USA,33.7651,-118.189
454,1983,3,34,Circuit Paul Ricard,Le Castellet,France,43.2506,5.79167
455,1983,4,21,Autodromo Enzo e Dino Ferrari,Imola,Italy,44.3439,11.7167
456,1983,5,6,Circuit de Monaco,Monte-Carlo,Monaco,43.7347,7.42056
457,1983,6,13,Circuit de Spa-Francorchamps,Spa,Belgium,50.4372,5.97139
458,1983,7,37,Detroit Street Circuit,Detroit,USA,42.3298,-83.0401
459,1983,8,7,Circuit Gilles Villeneuve,Montreal,Canada,45.5,-73.5228
460,1983,9,9,Silverstone Circuit,Silverstone,UK,52.0786,-1.01694
461,1983,10,10,Hockenheimring,Hockenheim,Germany,49.3278,8.56583
462,1983,11,70,Red Bull Ring,Spielberg,Austria,47.2197,14.7647
463,1983,12,39,Circuit Park Zandvoort,Zandvoort,Netherlands,52.3888,4.54092
464,1983,13,14,Autodromo Nazionale di Monza,Monza,Italy,45.6156,9.28111
465,1983,14,38,Brands Hatch,Kent,UK,51.3569,0.263056
466,1983,15,30,Kyalami,Midrand,South Africa,-25.9894,28.0767
467,1982,1,30,Kyalami,Midrand,South Africa,-25.9894,28.0767
468,1982,2,36,Autódromo Internacional Nelson Piquet,Rio de Janeiro,Brazil,-22.9756,-43.395
469,1982,3,43,Long Beach,California,USA,33.7651,-118.189
470,1982,4,21,Autodromo Enzo e Dino Ferrari,Imola,Italy,44.3439,11.7167
471,1982,5,40,Zolder,Heusden-Zolder,Belgium,50.9894,5.25694
472,1982,6,6,Circuit de Monaco,Monte-Carlo,Monaco,43.7347,7.42056
473,1982,7,37,Detroit Street Circuit,Detroit,USA,42.3298,-83.0401
474,1982,8,7,Circuit Gilles Villeneuve,Montreal,Canada,45.5,-73.5228
475,1982,9,39,Circuit Park Zandvoort,Zandvoort,Netherlands,52.3888,4.54092
476,1982,10,38,Brands Hatch,Kent,UK,51.3569,0.263056
477,1982,11,34,Circuit Paul Ricard,Le Castellet,France,43.2506,5.79167
478,1982,12,10,Hockenheimring,Hockenheim,Germany,49.3278,8.56583
479,1982,13,70,Red Bull Ring,Spielberg,Austria,47.2197,14.7647
480,1982,14,41,Dijon-Prenois,Dijon,France,47.3625,4.89913
481,1982,15,14,Autodromo Nazionale di Monza,Monza,Italy,45.6156,9.28111
482,1982,16,44,Las Vegas Street Circuit,Nevada,USA,36.1162,-115.174
483,1981,1,43,Long Beach,California,USA,33.7651,-118.189
484,1981,2,36,Autódromo Internacional Nelson Piquet,Rio de Janeiro,Brazil,-22.9756,-43.395
485,1981,3,25,Autódromo Juan y Oscar Gálvez,Buenos Aires,Argentina,-34.6943,-58.4593
486,1981,4,21,Autodromo Enzo e Dino Ferrari,Imola,Italy,44.3439,11.7167
487,1981,5,40,Zolder,Heusden-Zolder,Belgium,50.9894,5.25694
488,1981,6,6,Circuit de Monaco,Monte-Carlo,Monaco,43.7347,7.42056
489,1981,7,45,Jarama,Madrid,Spain,40.6171,-3.58558
490,1981,8,41,Dijon-Prenois,Dijon,France,47.3625,4.89913
491,1981,9,9,Silverstone Circuit,Silverstone,UK,52.0786,-1.01694
492,1981,10,10,Hockenheimring,Hockenheim,Germany,49.3278,8.56583
493,1981,11,70,Red Bull Ring,Spielberg,Austria,47.2197,14.7647
494,1981,12,39,Circuit Park Zandvoort,Zandvoort,Netherlands,52.3888,4.54092
495,1981,13,14,Autodromo Nazionale di Monza,Monza,Italy,45.6156,9.28111
496,1981,14,7,Circuit Gilles Villeneuve,Montreal,Canada,45.5,-73.5228
497,1981,15,44,Las Vegas Street Circuit,Nevada,USA,36.1162,-115.174
498,1980,1,25,Autódromo Juan y Oscar Gálvez,Buenos Aires,Argentina,-34.6943,-58.4593
499,1980,2,18,Autódromo José Carlos Pace,São Paulo,Brazil,-23.7036,-46.6997
500,1980,3,30,Kyalami,Midrand,South Africa,-25.9894,28.0767
501,1980,4,43,Long Beach,California,USA,33.7651,-118.189
502,1980,5,40,Zolder,Heusden-Zolder,Belgium,50.9894,5.25694
503,1980,6,6,Circuit de Monaco,Monte-Carlo,Monaco,43.7347,7.42056
504,1980,7,34,Circuit Paul Ricard,Le Castellet,France,43.2506,5.79167
505,1980,8,38,Brands Hatch,Kent,UK,51.3569,0.263056
506,1980,9,10,Hockenheimring,Hockenheim,Germany,49.3278,8.56583
507,1980,10,70,Red Bull Ring,Spielberg,Austria,47.2197,14.7647
508,1980,11,39,Circuit Park Zandvoort,Zandvoort,Netherlands,52.3888,4.54092
509,1980,12,21,Autodromo Enzo e Dino Ferrari,Imola,Italy,44.3439,11.7167
510,1980,13,7,Circuit Gilles Villeneuve,Montreal,Canada,45.5,-73.5228
511,1980,14,46,Watkins Glen,New York State,USA,42.3369,-76.9272
512,1979,1,25,Autódromo Juan y Oscar Gálvez,Buenos Aires,Argentina,-34.6943,-58.4593
513,1979,2,18,Autódromo José Carlos Pace,São Paulo,Brazil,-23.7036,-46.6997
514,1979,3,30,Kyalami,Midrand,South Africa,-25.9894,28.0767
515,1979,4,43,Long Beach,California,USA,33.7651,-118.189
516,1979,5,45,Jarama,Madrid,Spain,40.6171,-3.58558
517,1979,6,40,Zolder,Heusden-Zolder,Belgium,50.9894,5.25694
518,1979,7,6,Circuit de Monaco,Monte-Carlo,Monaco,43.7347,7.42056
519,1979,8,41,Dijon-Prenois,Dijon,France,47.3625,4.89913
520,1979,9,9,Silverstone Circuit,Silverstone,UK,52.0786,-1.01694
521,1979,10,10,Hockenheimring,Hockenheim,Germany,49.3278,8.56583
522,1979,11,70,Red Bull Ring,Spielberg,Austria,47.2197,14.7647
523,1979,12,39,Circuit Park Zandvoort,Zandvoort,Netherlands,52.3888,4.54092
524,1979,13,14,Autodromo Nazionale di Monza,Monza,Italy,45.6156,9.28111
525,1979,14,7,Circuit Gilles Villeneuve,Montreal,Canada,45.5,-73.5228
526,1979,15,46,Watkins Glen,New York State,USA,42.3369,-76.9272
527,1978,1,25,Autódromo Juan y Oscar Gálvez,Buenos Aires,Argentina,-34.6943,-58.4593
528,1978,2,36,Autódromo Internacional Nelson Piquet,Rio de Janeiro,Brazil,-22.9756,-43.395
529,1978,3,30,Kyalami,Midrand,South Africa,-25.9894,28.0767
530,1978,4,43,Long Beach,California,USA,33.7651,-118.189
531,1978,5,6,Circuit de Monaco,Monte-Carlo,Monaco,43.7347,7.42056
532,1978,6,40,Zolder,Heusden-Zolder,Belgium,50.9894,5.25694
533,1978,7,45,Jarama,Madrid,Spain,40.6171,-3.58558
534,1978,8,47,Scandinavian Raceway,Anderstorp,Sweden,57.2653,13.6042
535,1978,9,34,Circuit Paul Ricard,Le Castellet,France,43.2506,5.79167
536,1978,10,38,Brands Hatch,Kent,UK,51.3569,0.263056
537,1978,11,10,Hockenheimring,Hockenheim,Germany,49.3278,8.56583
538,1978,12,70,Red Bull Ring,Spielberg,Austria,47.2197,14.7647
539,1978,13,39,Circuit Park Zandvoort,Zandvoort,Netherlands,52.3888,4.54092
540,1978,14,14,Autodromo Nazionale di Monza,Monza,Italy,45.6156,9.28111
541,1978,15,46,Watkins Glen,New York State,USA,42.3369,-76.9272
542,1978,16,7,Circuit Gilles Villeneuve,Montreal,Canada,45.5,-73.5228
543,1977,1,25,Autódromo Juan y Oscar Gálvez,Buenos Aires,Argentina,-34.6943,-58.4593
544,1977,2,18,Autódromo José Carlos Pace,São Paulo,Brazil,-23.7036,-46.6997
545,1977,3,30,Kyalami,Midrand,South Africa,-25.9894,28.0767
546,1977,4,43,Long Beach,California,USA,33.7651,-118.189
547,1977,5,45,Jarama,Madrid,Spain,40.6171,-3.58558
548,1977,6,6,Circuit de Monaco,Monte-Carlo,Monaco,43.7347,7.42056
549,1977,7,40,Zolder,Heusden-Zolder,Belgium,50.9894,5.25694
550,1977,8,47,Scandinavian Raceway,Anderstorp,Sweden,57.2653,13.6042
551,1977,9,41,Dijon-Prenois,Dijon,France,47.3625,4.89913
552,1977,10,9,Silverstone Circuit,Silverstone,UK,52.0786,-1.01694
553,1977,11,10,Hockenheimring,Hockenheim,Germany,49.3278,8.56583
554,1977,12,70,Red Bull Ring,Spielberg,Austria,47.2197,14.7647
555,1977,13,39,Circuit Park Zandvoort,Zandvoort,Netherlands,52.3888,4.54092
556,1977,14,14,Autodromo Nazionale di Monza,Monza,Italy,45.6156,9.28111
557,1977,15,46,Watkins Glen,New York State,USA,42.3369,-76.9272
558,1977,16,48,Mosport International Raceway,Ontario,Canada,44.0481,-78.6756
559,1977,17,16,Fuji Speedway,Oyama,Japan,35.3717,138.927
560,1976,1,18,Autódromo José Carlos Pace,São Paulo,Brazil,-23.7036,-46.6997
561,1976,2,30,Kyalami,Midrand,South Africa,-25.9894,28.0767
562,1976,3,43,Long Beach,California,USA,33.7651,-118.189
563,1976,4,45,Jarama,Madrid,Spain,40.6171,-3.58558
564,1976,5,40,Zolder,Heusden-Zolder,Belgium,50.9894,5.25694
565,1976,6,6,Circuit de Monaco,Monte-Carlo,Monaco,43.7347,7.42056
566,1976,7,47,Scandinavian Raceway,Anderstorp,Sweden,57.2653,13.6042
567,1976,8,34,Circuit Paul Ricard,Le Castellet,France,43.2506,5.79167
568,1976,9,38,Brands Hatch,Kent,UK,51.3569,0.263056
569,1976,10,20,Nürburgring,Nürburg,Germany,50.3356,6.9475
570,1976,11,70,Red Bull Ring,Spielberg,Austria,47.2197,14.7647
571,1976,12,39,Circuit Park Zandvoort,Zandvoort,Netherlands,52.3888,4.54092
572,1976,13,14,Autodromo Nazionale di Monza,Monza,Italy,45.6156,9.28111
573,1976,14,48,Mosport International Raceway,Ontario,Canada,44.0481,-78.6756
574,1976,15,46,Watkins Glen,New York State,USA,42.3369,-76.9272
575,1976,16,16,Fuji Speedway,Oyama,Japan,35.3717,138.927
576,1975,1,25,Autódromo Juan y Oscar Gálvez,Buenos Aires,Argentina,-34.6943,-58.4593
577,1975,2,18,Autódromo José Carlos Pace,São Paulo,Brazil,-23.7036,-46.6997
578,1975,3,30,Kyalami,Midrand,South Africa,-25.9894,28.0767
579,1975,4,49,Montjuïc,Barcelona,Spain,41.3664,2.15167
580,1975,5,6,Circuit de Monaco,Monte-Carlo,Monaco,43.7347,7.42056
581,1975,6,40,Zolder,Heusden-Zolder,Belgium,50.9894,5.25694
582,1975,7,47,Scandinavian Raceway,Anderstorp,Sweden,57.2653,13.6042
583,1975,8,39,Circuit Park Zandvoort,Zandvoort,Netherlands,52.3888,4.54092
584,1975,9,34,Circuit Paul Ricard,Le Castellet,France,43.2506,5.79167
585,1975,10,9,Silverstone Circuit,Silverstone,UK,52.0786,-1.01694
586,1975,11,20,Nürburgring,Nürburg,Germany,50.3356,6.9475
587,1975,12,70,Red Bull Ring,Spielberg,Austria,47.2197,14.7647
588,1975,13,14,Autodromo Nazionale di Monza,Monza,Italy,45.6156,9.28111
589,1975,14,46,Watkins Glen,New York State,USA,42.3369,-76.9272
590,1974,1,25,Autódromo Juan y Oscar Gálvez,Buenos Aires,Argentina,-34.6943,-58.4593
591,1974,2,18,Autódromo José Carlos Pace,São Paulo,Brazil,-23.7036,-46.6997
592,1974,3,30,Kyalami,Midrand,South Africa,-25.9894,28.0767
593,1974,4,45,Jarama,Madrid,Spain,40.6171,-3.58558
594,1974,5,50,Nivelles-Baulers,Brussels,Belgium,50.6211,4.32694
595,1974,6,6,Circuit de Monaco,Monte-Carlo,Monaco,43.7347,7.42056
596,1974,7,47,Scandinavian Raceway,Anderstorp,Sweden,57.2653,13.6042
597,1974,8,39,Circuit Park Zandvoort,Zandvoort,Netherlands,52.3888,4.54092
598,1974,9,41,Dijon-Prenois,Dijon,France,47.3625,4.89913
599,1974,10,38,Brands Hatch,Kent,UK,51.3569,0.263056
600,1974,11,20,Nürburgring,Nürburg,Germany,50.3356,6.9475
601,1974,12,70,Red Bull Ring,Spielberg,Austria,47.2197,14.7647
602,1974,13,14,Autodromo Nazionale di Monza,Monza,Italy,45.6156,9.28111
603,1974,14,48,Mosport International Raceway,Ontario,Canada,44.0481,-78.6756
604,1974,15,46,Watkins Glen,New York State,USA,42.3369,-76.9272
605,1973,1,25,Autódromo Juan y Oscar Gálvez,Buenos Aires,Argentina,-34.6943,-58.4593
606,1973,2,18,Autódromo José Carlos Pace,São Paulo,Brazil,-23.7036,-46.6997
607,1973,3,30,Kyalami,Midrand,South Africa,-25.9894,28.0767
608,1973,4,49,Montjuïc,Barcelona,Spain,41.3664,2.15167
609,1973,5,40,Zolder,Heusden-Zolder,Belgium,50.9894,5.25694
610,1973,6,6,Circuit de Monaco,Monte-Carlo,Monaco,43.7347,7.42056
611,1973,7,47,Scandinavian Raceway,Anderstorp,Sweden,57.2653,13.6042
612,1973,8,34,Circuit Paul Ricard,Le Castellet,France,43.2506,5.79167
613,1973,9,9,Silverstone Circuit,Silverstone,UK,52.0786,-1.01694
614,1973,10,39,Circuit Park Zandvoort,Zandvoort,Netherlands,52.3888,4.54092
615,1973,11,20,Nürburgring,Nürburg,Germany,50.3356,6.9475
616,1973,12,70,Red Bull Ring,Spielberg,Austria,47.2197,14.7647
617,1973,13,14,Autodromo Nazionale di Monza,Monza,Italy,45.6156,9.28111
618,1973,14,48,Mosport International Raceway,Ontario,Canada,44.0481,-78.6756
619,1973,15,46,Watkins Glen,New York State,USA,42.3369,-76.9272
620,1972,1,25,Autódromo Juan y Oscar Gálvez,Buenos Aires,Argentina,-34.6943,-58.4593
621,1972,2,30,Kyalami,Midrand,South Africa,-25.9894,28.0767
622,1972,3,45,Jarama,Madrid,Spain,40.6171,-3.58558
623,1972,4,6,Circuit de Monaco,Monte-Carlo,Monaco,43.7347,7.42056
624,1972,5,50,Nivelles-Baulers,Brussels,Belgium,50.6211,4.32694
625,1972,6,51,Charade Circuit,Clermont-Ferrand,France,45.7472,3.03889
626,1972,7,38,Brands Hatch,Kent,UK,51.3569,0.263056
627,1972,8,20,Nürburgring,Nürburg,Germany,50.3356,6.9475
628,1972,9,70,Red Bull Ring,Spielberg,Austria,47.2197,14.7647
629,1972,10,14,Autodromo Nazionale di Monza,Monza,Italy,45.6156,9.28111
630,1972,11,48,Mosport International Raceway,Ontario,Canada,44.0481,-78.6756
631,1972,12,46,Watkins Glen,New York State,USA,42.3369,-76.9272
632,1971,1,30,Kyalami,Midrand,South Africa,-25.9894,28.0767
633,1971,2,49,Montjuïc,Barcelona,Spain,41.3664,2.15167
634,1971,3,6,Circuit de Monaco,Monte-Carlo,Monaco,43.7347,7.42056
635,1971,4,39,Circuit Park Zandvoort,Zandvoort,Netherlands,52.3888,4.54092
636,1971,5,34,Circuit Paul Ricard,Le Castellet,France,43.2506,5.79167
637,1971,6,9,Silverstone Circuit,Silverstone,UK,52.0786,-1.01694
638,1971,7,20,Nürburgring,Nürburg,Germany,50.3356,6.9475
639,1971,8,70,Red Bull Ring,Spielberg,Austria,47.2197,14.7647
640,1971,9,14,Autodromo Nazionale di Monza,Monza,Italy,45.6156,9.28111
641,1971,10,48,Mosport International Raceway,Ontario,Canada,44.0481,-78.6756
642,1971,11,46,Watkins Glen,New York State,USA,42.3369,-76.9272
643,1970,1,30,Kyalami,Midrand,South Africa,-25.9894,28.0767
644,1970,2,45,Jarama,Madrid,Spain,40.6171,-3.58558
645,1970,3,6,Circuit de Monaco,Monte-Carlo,Monaco,43.7347,7.42056
646,1970,4,13,Circuit de Spa-Francorchamps,Spa,Belgium,50.4372,5.97139
647,1970,5,39,Circuit Park Zandvoort,Zandvoort,Netherlands,52.3888,4.54092
648,1970,6,51,Charade Circuit,Clermont-Ferrand,France,45.7472,3.03889
649,1970,7,38,Brands Hatch,Kent,UK,51.3569,0.263056
650,1970,8,10,Hockenheimring,Hockenheim,Germany,49.3278,8.56583
651,1970,9,70,Red Bull Ring,Spielberg,Austria,47.2197,14.7647
652,1970,10,14,Autodromo Nazionale di Monza,Monza,Italy,45.6156,9.28111
653,1970,11,52,Circuit Mont-Tremblant,Quebec,Canada,46.1877,-74.6099
654,1970,12,46,Watkins Glen,New York State,USA,42.3369,-76.9272
655,1970,13,32,Autódromo Hermanos Rodríguez,Mexico City,Mexico,19.4042,-99.0907
656,1969,1,30,Kyalami,Midrand,South Africa,-25.9894,28.0767
657,1969,2,49,Montjuïc,Barcelona,Spain,41.3664,2.15167
658,1969,3,6,Circuit de Monaco,Monte-Carlo,Monaco,43.7347,7.42056
659,1969,4,39,Circuit Park Zandvoort,Zandvoort,Netherlands,52.3888,4.54092
660,1969,5,51,Charade Circuit,Clermont-Ferrand,France,45.7472,3.03889
661,1969,6,9,Silverstone Circuit,Silverstone,UK,52.0786,-1.01694
662,1969,7,20,Nürburgring,Nürburg,Germany,50.3356,6.9475
663,1969,8,14,Autodromo Nazionale di Monza,Monza,Italy,45.6156,9.28111
664,1969,9,48,Mosport International Raceway,Ontario,Canada,44.0481,-78.6756
665,1969,10,46,Watkins Glen,New York State,USA,42.3369,-76.9272
666,1969,11,32,Autódromo Hermanos Rodríguez,Mexico City,Mexico,19.4042,-99.0907
667,1968,1,30,Kyalami,Midrand,South Africa,-25.9894,28.0767
668,1968,2,45,Jarama,Madrid,Spain,40.6171,-3.58558
669,1968,3,6,Circuit de Monaco,Monte-Carlo,Monaco,43.7347,7.42056
670,1968,4,13,Circuit de Spa-Francorchamps,Spa,Belgium,50.4372,5.97139
671,1968,5,39,Circuit Park Zandvoort,Zandvoort,Netherlands,52.3888,4.54092
672,1968,6,53,Rouen-Les-Essarts,Rouen,France,49.3306,1.00458
673,1968,7,38,Brands Hatch,Kent,UK,51.3569,0.263056
674,1968,8,20,Nürburgring,Nürburg,Germany,50.3356,6.9475
675,1968,9,14,Autodromo Nazionale di Monza,Monza,Italy,45.6156,9.28111
676,1968,10,52,Circuit Mont-Tremblant,Quebec,Canada,46.1877,-74.6099
677,1968,11,46,Watkins Glen,New York State,USA,42.3369,-76.9272
678,1968,12,32,Autódromo Hermanos Rodríguez,Mexico City,Mexico,19.4042,-99.0907
679,1967,1,30,Kyalami,Midrand,South Africa,-25.9894,28.0767
680,1967,2,6,Circuit de Monaco,Monte-Carlo,Monaco,43.7347,7.42056
681,1967,3,39,Circuit Park Zandvoort,Zandvoort,Netherlands,52.3888,4.54092
682,1967,4,13,Circuit de Spa-Francorchamps,Spa,Belgium,50.4372,5.97139
683,1967,5,54,Le Mans,Le Mans,France,47.95,0.224231
684,1967,6,9,Silverstone Circuit,Silverstone,UK,52.0786,-1.01694
685,1967,7,20,Nürburgring,Nürburg,Germany,50.3356,6.9475
686,1967,8,48,Mosport International Raceway,Ontario,Canada,44.0481,-78.6756
687,1967,9,14,Autodromo Nazionale di Monza,Monza,Italy,45.6156,9.28111
688,1967,10,46,Watkins Glen,New York State,USA,42.3369,-76.9272
689,1967,11,32,Autódromo Hermanos Rodríguez,Mexico City,Mexico,19.4042,-99.0907
690,1966,1,6,Circuit de Monaco,Monte-Carlo,Monaco,43.7347,7.42056
691,1966,2,13,Circuit de Spa-Francorchamps,Spa,Belgium,50.4372,5.97139
692,1966,3,55,Reims-Gueux,Reims,France,49.2542,3.93083
693,1966,4,38,Brands Hatch,Kent,UK,51.3569,0.263056
694,1966,5,39,Circuit Park Zandvoort,Zandvoort,Netherlands,52.3888,4.54092
695,1966,6,20,Nürburgring,Nürburg,Germany,50.3356,6.9475
696,1966,7,14,Autodromo Nazionale di Monza,Monza,Italy,45.6156,9.28111
697,1966,8,46,Watkins Glen,New York State,USA,42.3369,-76.9272
698,1966,9,32,Autódromo Hermanos Rodríguez,Mexico City,Mexico,19.4042,-99.0907
699,1965,1,56,Prince George Circuit,Eastern Cape Province,South Africa,-33.0486,27.8736
700,1965,2,6,Circuit de Monaco,Monte-Carlo,Monaco,43.7347,7.42056
701,1965,3,13,Circuit de Spa-Francorchamps,Spa,Belgium,50.4372,5.97139
702,1965,4,51,Charade Circuit,Clermont-Ferrand,France,45.7472,3.03889
703,1965,5,9,Silverstone Circuit,Silverstone,UK,52.0786,-1.01694
704,1965,6,39,Circuit Park Zandvoort,Zandvoort,Netherlands,52.3888,4.54092
705,1965,7,20,Nürburgring,Nürburg,Germany,50.3356,6.9475
706,1965,8,14,Autodromo Nazionale di Monza,Monza,Italy,45.6156,9.28111
707,1965,9,46,Watkins Glen,New York State,USA,42.3369,-76.9272
708,1965,10,32,Autódromo Hermanos Rodríguez,Mexico City,Mexico,19.4042,-99.0907
709,1964,1,6,Circuit de Monaco,Monte-Carlo,Monaco,43.7347,7.42056
710,1964,2,39,Circuit Park Zandvoort,Zandvoort,Netherlands,52.3888,4.54092
711,1964,3,13,Circuit de Spa-Francorchamps,Spa,Belgium,50.4372,5.97139
712,1964,4,53,Rouen-Les-Essarts,Rouen,France,49.3306,1.00458
713,1964,5,38,Brands Hatch,Kent,UK,51.3569,0.263056
714,1964,6,20,Nürburgring,Nürburg,Germany,50.3356,6.9475
715,1964,7,57,Zeltweg,Styria,Austria,47.2039,14.7478
716,1964,8,14,Autodromo Nazionale di Monza,Monza,Italy,45.6156,9.28111
717,1964,9,46,Watkins Glen,New York State,USA,42.3369,-76.9272
718,1964,10,32,Autódromo Hermanos Rodríguez,Mexico City,Mexico,19.4042,-99.0907
719,1963,1,6,Circuit de Monaco,Monte-Carlo,Monaco,43.7347,7.42056
720,1963,2,13,Circuit de Spa-Francorchamps,Spa,Belgium,50.4372,5.97139
721,1963,3,39,Circuit Park Zandvoort,Zandvoort,Netherlands,52.3888,4.54092
722,1963,4,55,Reims-Gueux,Reims,France,49.2542,3.93083
723,1963,5,9,Silverstone Circuit,Silverstone,UK,52.0786,-1.01694
724,1963,6,20,Nürburgring,Nürburg,Germany,50.3356,6.9475
725,1963,7,14,Autodromo Nazionale di Monza,Monza,Italy,45.6156,9.28111
726,1963,8,46,Watkins Glen,New York State,USA,42.3369,-76.9272
727,1963,9,32,Autódromo Hermanos Rodríguez,Mexico City,Mexico,19.4042,-99.0907
728,1963,10,56,Prince George Circuit,Eastern Cape Province,South Africa,-33.0486,27.8736
729,1962,1,39,Circuit Park Zandvoort,Zandvoort,Netherlands,52.3888,4.54092
730,1962,2,6,Circuit de Monaco,Monte-Carlo,Monaco,43.7347,7.42056
731,1962,3,13,Circuit de Spa-Francorchamps,Spa,Belgium,50.4372,5.97139
732,1962,4,53,Rouen-Les-Essarts,Rouen,France,49.3306,1.00458
733,1962,5,58,Aintree,Liverpool,UK,53.4769,-2.94056
734,1962,6,20,Nürburgring,Nürburg,Germany,50.3356,6.9475
735,1962,7,14,Autodromo Nazionale di Monza,Monza,Italy,45.6156,9.28111
736,1962,8,46,Watkins Glen,New York State,USA,42.3369,-76.9272
737,1962,9,56,Prince George Circuit,Eastern Cape Province,South Africa,-33.0486,27.8736
738,1961,1,6,Circuit de Monaco,Monte-Carlo,Monaco,43.7347,7.42056
739,1961,2,39,Circuit Park Zandvoort,Zandvoort,Netherlands,52.3888,4.54092
740,1961,3,13,Circuit de Spa-Francorchamps,Spa,Belgium,50.4372,5.97139
741,1961,4,55,Reims-Gueux,Reims,France,49.2542,3.93083
742,1961,5,58,Aintree,Liverpool,UK,53.4769,-2.94056
743,1961,6,20,Nürburgring,Nürburg,Germany,50.3356,6.9475
744,1961,7,14,Autodromo Nazionale di Monza,Monza,Italy,45.6156,9.28111
745,1961,8,46,Watkins Glen,New York State,USA,42.3369,-76.9272
746,1960,1,25,Autódromo Juan y Oscar Gálvez,Buenos Aires,Argentina,-34.6943,-58.4593
747,1960,2,6,Circuit de Monaco,Monte-Carlo,Monaco,43.7347,7.42056
748,1960,3,19,Indianapolis Motor Speedway,Indianapolis,USA,39.795,-86.2347
749,1960,4,39,Circuit Park Zandvoort,Zandvoort,Netherlands,52.3888,4.54092
750,1960,5,13,Circuit de Spa-Francorchamps,Spa,Belgium,50.4372,5.97139
751,1960,6,55,Reims-Gueux,Reims,France,49.2542,3.93083
752,1960,7,9,Silverstone Circuit,Silverstone,UK,52.0786,-1.01694
753,1960,8,59,Circuito da Boavista,Oporto,Portugal,41.1705,-8.67325
754,1960,9,14,Autodromo Nazionale di Monza,Monza,Italy,45.6156,9.28111
755,1960,10,60,Riverside International Raceway,California,USA,33.937,-117.273
756,1959,1,6,Circuit de Monaco,Monte-Carlo,Monaco,43.7347,7.42056
757,1959,2,19,Indianapolis Motor Speedway,Indianapolis,USA,39.795,-86.2347
758,1959,3,39,Circuit Park Zandvoort,Zandvoort,Netherlands,52.3888,4.54092
759,1959,4,55,Reims-Gueux,Reims,France,49.2542,3.93083
760,1959,5,58,Aintree,Liverpool,UK,53.4769,-2.94056
761,1959,6,61,AVUS,Berlin,Germany,52.4806,13.2514
762,1959,7,62,Monsanto Park Circuit,Lisbon,Portugal,38.7197,-9.20306
763,1959,8,14,Autodromo Nazionale di Monza,Monza,Italy,45.6156,9.28111
764,1959,9,63,Sebring International Raceway,Florida,USA,27.4547,-81.3483
765,1958,1,25,Autódromo Juan y Oscar Gálvez,Buenos Aires,Argentina,-34.6943,-58.4593
766,1958,2,6,Circuit de Monaco,Monte-Carlo,Monaco,43.7347,7.42056
767,1958,3,39,Circuit Park Zandvoort,Zandvoort,Netherlands,52.3888,4.54092
768,1958,4,19,Indianapolis Motor Speedway,Indianapolis,USA,39.795,-86.2347
769,1958,5,13,Circuit de Spa-Francorchamps,Spa,Belgium,50.4372,5.97139
770,1958,6,55,Reims-Gueux,Reims,France,49.2542,3.93083
771,1958,7,9,Silverstone Circuit,Silverstone,UK,52.0786,-1.01694
772,1958,8,20,Nürburgring,Nürburg,Germany,50.3356,6.9475
773,1958,9,59,Circuito da Boavista,Oporto,Portugal,41.1705,-8.67325
774,1958,10,14,Autodromo Nazionale di Monza,Monza,Italy,45.6156,9.28111
775,1958,11,64,Ain Diab,Casablanca,Morocco,33.5786,-7.6875
776,1957,1,25,Autódromo Juan y Oscar Gálvez,Buenos Aires,Argentina,-34.6943,-58.4593
777,1957,2,6,Circuit de Monaco,Monte-Carlo,Monaco,43.7347,7.42056
778,1957,3,19,Indianapolis Motor Speedway,Indianapolis,USA,39.795,-86.2347
779,1957,4,53,Rouen-Les-Essarts,Rouen,France,49.3306,1.00458
780,1957,5,58,Aintree,Liverpool,UK,53.4769,-2.94056
781,1957,6,20,Nürburgring,Nürburg,Germany,50.3356,6.9475
782,1957,7,65,Pescara Circuit,Pescara,Italy,42.475,14.1508
783,1957,8,14,Autodromo Nazionale di Monza,Monza,Italy,45.6156,9.28111
784,1956,1,25,Autódromo Juan y Oscar Gálvez,Buenos Aires,Argentina,-34.6943,-58.4593
785,1956,2,6,Circuit de Monaco,Monte-Carlo,Monaco,43.7347,7.42056
786,1956,3,19,Indianapolis Motor Speedway,Indianapolis,USA,39.795,-86.2347
787,1956,4,13,Circuit de Spa-Francorchamps,Spa,Belgium,50.4372,5.97139
788,1956,5,55,Reims-Gueux,Reims,France,49.2542,3.93083
789,1956,6,9,Silverstone Circuit,Silverstone,UK,52.0786,-1.01694
790,1956,7,20,Nürburgring,Nürburg,Germany,50.3356,6.9475
791,1956,8,14,Autodromo Nazionale di Monza,Monza,Italy,45.6156,9.28111
792,1955,1,25,Autódromo Juan y Oscar Gálvez,Buenos Aires,Argentina,-34.6943,-58.4593
793,1955,2,6,Circuit de Monaco,Monte-Carlo,Monaco,43.7347,7.42056
794,1955,3,19,Indianapolis Motor Speedway,Indianapolis,USA,39.795,-86.2347
795,1955,4,13,Circuit de Spa-Francorchamps,Spa,Belgium,50.4372,5.97139
796,1955,5,39,Circuit Park Zandvoort,Zandvoort,Netherlands,52.3888,4.54092
797,1955,6,58,Aintree,Liverpool,UK,53.4769,-2.94056
798,1955,7,14,Autodromo Nazionale di Monza,Monza,Italy,45.6156,9.28111
799,1954,1,25,Autódromo Juan y Oscar Gálvez,Buenos Aires,Argentina,-34.6943,-58.4593
800,1954,2,19,Indianapolis Motor Speedway,Indianapolis,USA,39.795,-86.2347
801,1954,3,13,Circuit de Spa-Francorchamps,Spa,Belgium,50.4372,5.97139
802,1954,4,55,Reims-Gueux,Reims,France,49.2542,3.93083
803,1954,5,9,Silverstone Circuit,Silverstone,UK,52.0786,-1.01694
804,1954,6,20,Nürburgring,Nürburg,Germany,50.3356,6.9475
805,1954,7,66,Circuit Bremgarten,Bern,Switzerland,46.9589,7.40194
806,1954,8,14,Autodromo Nazionale di Monza,Monza,Italy,45.6156,9.28111
807,1954,9,67,Circuit de Pedralbes,Barcelona,Spain,41.3903,2.11667
808,1953,1,25,Autódromo Juan y Oscar Gálvez,Buenos Aires,Argentina,-34.6943,-58.4593
809,1953,2,19,Indianapolis Motor Speedway,Indianapolis,USA,39.795,-86.2347
810,1953,3,39,Circuit Park Zandvoort,Zandvoort,Netherlands,52.3888,4.54092
811,1953,4,13,Circuit de Spa-Francorchamps,Spa,Belgium,50.4372,5.97139
812,1953,5,55,Reims-Gueux,Reims,France,49.2542,3.93083
813,1953,6,9,Silverstone Circuit,Silverstone,UK,52.0786,-1.01694
814,1953,7,20,Nürburgring,Nürburg,Germany,50.3356,6.9475
815,1953,8,66,Circuit Bremgarten,Bern,Switzerland,46.9589,7.40194
816,1953,9,14,Autodromo Nazionale di Monza,Monza,Italy,45.6156,9.28111
817,1952,1,66,Circuit Bremgarten,Bern,Switzerland,46.9589,7.40194
818,1952,2,19,Indianapolis Motor Speedway,Indianapolis,USA,39.795,-86.2347
819,1952,3,13,Circuit de Spa-Francorchamps,Spa,Belgium,50.4372,5.97139
820,1952,4,53,Rouen-Les-Essarts,Rouen,France,49.3306,1.00458
821,1952,5,9,Silverstone Circuit,Silverstone,UK,52.0786,-1.01694
822,1952,6,20,Nürburgring,Nürburg,Germany,50.3356,6.9475
823,1952,7,39,Circuit Park Zandvoort,Zandvoort,Netherlands,52.3888,4.54092
824,1952,8,14,Autodromo Nazionale di Monza,Monza,Italy,45.6156,9.28111
825,1951,1,66,Circuit Bremgarten,Bern,Switzerland,46.9589,7.40194
826,1951,2,19,Indianapolis Motor Speedway,Indianapolis,USA,39.795,-86.2347
827,1951,3,13,Circuit de Spa-Francorchamps,Spa,Belgium,50.4372,5.97139
828,1951,4,55,Reims-Gueux,Reims,France,49.2542,3.93083
829,1951,5,9,Silverstone Circuit,Silverstone,UK,52.0786,-1.01694
830,1951,6,20,Nürburgring,Nürburg,Germany,50.3356,6.9475
831,1951,7,14,Autodromo Nazionale di Monza,Monza,Italy,45.6156,9.28111
832,1951,8,67,Circuit de Pedralbes,Barcelona,Spain,41.3903,2.11667
833,1950,1,9,Silverstone Circuit,Silverstone,UK,52.0786,-1.01694
834,1950,2,6,Circuit de Monaco,Monte-Carlo,Monaco,43.7347,7.42056
835,1950,3,19,Indianapolis Motor Speedway,Indianapolis,USA,39.795,-86.2347
836,1950,4,66,Circuit Bremgarten,Bern,Switzerland,46.9589,7.40194
837,1950,5,13,Circuit de Spa-Francorchamps,Spa,Belgium,50.4372,5.97139
838,1950,6,55,Reims-Gueux,Reims,France,49.2542,3.93083
839,1950,7,14,Autodromo Nazionale di Monza,Monza,Italy,45.6156,9.28111
841,2011,1,1,Albert Park Grand Prix Circuit,Melbourne,Australia,-37.8497,144.968
842,2011,2,2,Sepang International Circuit,Kuala Lumpur,Malaysia,2.76083,101.738
843,2011,3,17,Shanghai International Circuit,Shanghai,China,31.3389,121.22
844,2011,4,5,Istanbul Park,Istanbul,Turkey,40.9517,29.405
845,2011,5,4,Circuit de Barcelona-Catalunya,Montmeló,Spain,41.57,2.26111
846,2011,6,6,Circuit de Monaco,Monte-Carlo,Monaco,43.7347,7.42056
847,2011,7,7,Circuit Gilles Villeneuve,Montreal,Canada,45.5,-73.5228
848,2011,8,12,Valencia Street Circuit,Valencia,Spain,39.4589,-0.331667
849,2011,9,9,Silverstone Circuit,Silverstone,UK,52.0786,-1.01694
850,2011,10,20,Nürburgring,Nürburg,Germany,50.3356,6.9475
851,2011,11,11,Hungaroring,Budapest,Hungary,47.5789,19.2486
852,2011,12,13,Circuit de Spa-Francorchamps,Spa,Belgium,50.4372,5.97139
853,2011,13,14,Autodromo Nazionale di Monza,Monza,Italy,45.6156,9.28111
854,2011,14,15,Marina Bay Street Circuit,Marina Bay,Singapore,1.2914,103.864
855,2011,15,22,Suzuka Circuit,Suzuka,Japan,34.8431,136.541
856,2011,16,35,Korean International Circuit,Yeongam County,Korea,34.7333,126.417
857,2011,17,68,Buddh International Circuit,Uttar Pradesh,India,28.3487,77.5331
858,2011,18,24,Yas Marina Circuit,Abu Dhabi,UAE,24.4672,54.6031
859,2011,19,18,Autódromo José Carlos Pace,São Paulo,Brazil,-23.7036,-46.6997
860,2012,1,1,Albert Park Grand Prix Circuit,Melbourne,Australia,-37.8497,144.968
861,2012,2,2,Sepang International Circuit,Kuala Lumpur,Malaysia,2.76083,101.738
862,2012,3,17,Shanghai International Circuit,Shanghai,China,31.3389,121.22
863,2012,4,3,Bahrain International Circuit,Sakhir,Bahrain,26.0325,50.5106
864,2012,5,4,Circuit de Barcelona-Catalunya,Montmeló,Spain,41.57,2.26111
865,2012,6,6,Circuit de Monaco,Monte-Carlo,Monaco,43.7347,7.42056
866,2012,7,7,Circuit Gilles Villeneuve,Montreal,Canada,45.5,-73.5228
867,2012,8,12,Valencia Street Circuit,Valencia,Spain,39.4589,-0.331667
868,2012,9,9,Silverstone Circuit,Silverstone,UK,52.0786,-1.01694
869,2012,10,10,Hockenheimring,Hockenheim,Germany,49.3278,8.56583
870,2012,11,11,Hungaroring,Budapest,Hungary,47.5789,19.2486
871,2012,12,13,Circuit de Spa-Francorchamps,Spa,Belgium,50.4372,5.97139
872,2012,13,14,Autodromo Nazionale di Monza,Monza,Italy,45.6156,9.28111
873,2012,14,15,Marina Bay Street Circuit,Marina Bay,Singapore,1.2914,103.864
874,2012,15,22,Suzuka Circuit,Suzuka,Japan,34.8431,136.541
875,2012,16,35,Korean International Circuit,Yeongam County,Korea,34.7333,126.417
876,2012,17,68,Buddh International Circuit,Uttar Pradesh,India,28.3487,77.5331
877,2012,18,24,Yas Marina Circuit,Abu Dhabi,UAE,24.4672,54.6031
878,2012,19,69,Circuit of the Americas,Austin,USA,30.1328,-97.6411
879,2012,20,18,Autódromo José Carlos Pace,São Paulo,Brazil,-23.7036,-46.6997
880,2013,1,1,Albert Park Grand Prix Circuit,Melbourne,Australia,-37.8497,144.968
881,2013,2,2,Sepang International Circuit,Kuala Lumpur,Malaysia,2.76083,101.738
882,2013,3,17,Shanghai International Circuit,Shanghai,China,31.3389,121.22
883,2013,4,3,Bahrain International Circuit,Sakhir,Bahrain,26.0325,50.5106
884,2013,5,4,Circuit de Barcelona-Catalunya,Montmeló,Spain,41.57,2.26111
885,2013,6,6,Circuit de Monaco,Monte-Carlo,Monaco,43.7347,7.42056
886,2013,7,7,Circuit Gilles Villeneuve,Montreal,Canada,45.5,-73.5228
887,2013,8,9,Silverstone Circuit,Silverstone,UK,52.0786,-1.01694
888,2013,9,20,Nürburgring,Nürburg,Germany,50.3356,6.9475
890,2013,10,11,Hungaroring,Budapest,Hungary,47.5789,19.2486
891,2013,11,13,Circuit de Spa-Francorchamps,Spa,Belgium,50.4372,5.97139
892,2013,12,14,Autodromo Nazionale di Monza,Monza,Italy,45.6156,9.28111
893,2013,13,15,Marina Bay Street Circuit,Marina Bay,Singapore,1.2914,103.864
894,2013,14,35,Korean International Circuit,Yeongam County,Korea,34.7333,126.417
895,2013,15,22,Suzuka Circuit,Suzuka,Japan,34.8431,136.541
896,2013,16,68,Buddh International Circuit,Uttar Pradesh,India,28.3487,77.5331
897,2013,17,24,Yas Marina Circuit,Abu Dhabi,UAE,24.4672,54.6031
898,2013,18,69,Circuit of the Americas,Austin,USA,30.1328,-97.6411
899,2013,19,18,Autódromo José Carlos Pace,São Paulo,Brazil,-23.7036,-46.6997
900,2014,1,1,Albert Park Grand Prix Circuit,Melbourne,Australia,-37.8497,144.968
901,2014,2,2,Sepang International Circuit,Kuala Lumpur,Malaysia,2.76083,101.738
902,2014,3,3,Bahrain International Circuit,Sakhir,Bahrain,26.0325,50.5106
903,2014,4,17,Shanghai International Circuit,Shanghai,China,31.3389,121.22
904,2014,5,4,Circuit de Barcelona-Catalunya,Montmeló,Spain,41.57,2.26111
905,2014,6,6,Circuit de Monaco,Monte-Carlo,Monaco,43.7347,7.42056
906,2014,7,7,Circuit Gilles Villeneuve,Montreal,Canada,45.5,-73.5228
907,2014,8,70,Red Bull Ring,Spielberg,Austria,47.2197,14.7647
908,2014,9,9,Silverstone Circuit,Silverstone,UK,52.0786,-1.01694
909,2014,10,10,Hockenheimring,Hockenheim,Germany,49.3278,8.56583
910,2014,11,11,Hungaroring,Budapest,Hungary,47.5789,19.2486
911,2014,12,13,Circuit de Spa-Francorchamps,Spa,Belgium,50.4372,5.97139
912,2014,13,14,Autodromo Nazionale di Monza,Monza,Italy,45.6156,9.28111
913,2014,14,15,Marina Bay Street Circuit,Marina Bay,Singapore,1.2914,103.864
914,2014,15,22,Suzuka Circuit,Suzuka,Japan,34.8431,136.541
915,2014,16,71,Sochi Autodrom,Sochi,Russia,43.4057,39.9578
916,2014,17,69,Circuit of the Americas,Austin,USA,30.1328,-97.6411
917,2014,18,18,Autódromo José Carlos Pace,São Paulo,Brazil,-23.7036,-46.6997
918,2014,19,24,Yas Marina Circuit,Abu Dhabi,UAE,24.4672,54.6031
931,2015,6,6,Circuit de Monaco,Monte-Carlo,Monaco,43.7347,7.42056
932,2015,7,7,Circuit Gilles Villeneuve,Montreal,Canada,45.5,-73.5228
929,2015,4,3,Bahrain International Circuit,Sakhir,Bahrain,26.0325,50.5106
930,2015,5,4,Circuit de Barcelona-Catalunya,Montmeló,Spain,41.57,2.26111
928,2015,3,17,Shanghai International Circuit,Shanghai,China,31.3389,121.22
926,2015,1,1,Albert Park Grand Prix Circuit,Melbourne,Australia,-37.8497,144.968
927,2015,2,2,Sepang International Circuit,Kuala Lumpur,Malaysia,2.76083,101.738
933,2015,8,70,Red Bull Ring,Spielberg,Austria,47.2197,14.7647
934,2015,9,9,Silverstone Circuit,Silverstone,UK,52.0786,-1.01694
936,2015,10,11,Hungaroring,Budapest,Hungary,47.5789,19.2486
937,2015,11,13,Circuit de Spa-Francorchamps,Spa,Belgium,50.4372,5.97139
938,2015,12,14,Autodromo Nazionale di Monza,Monza,Italy,45.6156,9.28111
939,2015,13,15,Marina Bay Street Circuit,Marina Bay,Singapore,1.2914,103.864
940,2015,14,22,Suzuka Circuit,Suzuka,Japan,34.8431,136.541
941,2015,15,71,Sochi Autodrom,Sochi,Russia,43.4057,39.9578
942,2015,16,69,Circuit of the Americas,Austin,USA,30.1328,-97.6411
943,2015,17,32,Autódromo Hermanos Rodríguez,Mexico City,Mexico,19.4042,-99.0907
944,2015,18,18,Autódromo José Carlos Pace,São Paulo,Brazil,-23.7036,-46.6997
945,2015,19,24,Yas Marina Circuit,Abu Dhabi,UAE,24.4672,54.6031
948,2016,1,1,Albert Park Grand Prix Circuit,Melbourne,Australia,-37.8497,144.968
949,2016,2,3,Bahrain International Circuit,Sakhir,Bahrain,26.0325,50.5106
950,2016,3,17,Shanghai International Circuit,Shanghai,China,31.3389,121.22
951,2016,4,71,Sochi Autodrom,Sochi,Russia,43.4057,39.9578
952,2016,5,4,Circuit de Barcelona-Catalunya,Montmeló,Spain,41.57,2.26111
953,2016,6,6,Circuit de Monaco,Monte-Carlo,Monaco,43.7347,7.42056
954,2016,7,7,Circuit Gilles Villeneuve,Montreal,Canada,45.5,-73.5228
955,2016,8,73,Baku City Circuit,Baku,Azerbaijan,40.3725,49.8533
956,2016,9,70,Red Bull Ring,Spielberg,Austria,47.2197,14.7647
957,2016,10,9,Silverstone Circuit,Silverstone,UK,52.0786,-1.01694
958,2016,11,11,Hungaroring,Budapest,Hungary,47.5789,19.2486
959,2016,12,10,Hockenheimring,Hockenheim,Germany,49.3278,8.56583
960,2016,13,13,Circuit de Spa-Francorchamps,Spa,Belgium,50.4372,5.97139
961,2016,14,14,Autodromo Nazionale di Monza,Monza,Italy,45.6156,9.28111
962,2016,15,15,Marina Bay Street Circuit,Marina Bay,Singapore,1.2914,103.864
963,2016,16,2,Sepang International Circuit,Kuala Lumpur,Malaysia,2.76083,101.738
964,2016,17,22,Suzuka Circuit,Suzuka,Japan,34.8431,136.541
965,2016,18,69,Circuit of the Americas,Austin,USA,30.1328,-97.6411
966,2016,19,32,Autódromo Hermanos Rodríguez,Mexico City,Mexico,19.4042,-99.0907
967,2016,20,18,Autódromo José Carlos Pace,São Paulo,Brazil,-23.7036,-46.6997
968,2016,21,24,Yas Marina Circuit,Abu Dhabi,UAE,24.4672,54.6031
969,2017,1,1,Albert Park Grand Prix Circuit,Melbourne,Australia,-37.8497,144.968
970,2017,2,17,Shanghai International Circuit,Shanghai,China,31.3389,121.22
971,2017,3,3,Bahrain International Circuit,Sakhir,Bahrain,26.0325,50.5106
972,2017,4,71,Sochi Autodrom,Sochi,Russia,43.4057,39.9578
973,2017,5,4,Circuit de Barcelona-Catalunya,Montmeló,Spain,41.57,2.26111
974,2017,6,6,Circuit de Monaco,Monte-Carlo,Monaco,43.7347,7.42056
975,2017,7,7,Circuit Gilles Villeneuve,Montreal,Canada,45.5,-73.5228
976,2017,8,73,Baku City Circuit,Baku,Azerbaijan,40.3725,49.8533
977,2017,9,70,Red Bull Ring,Spielberg,Austria,47.2197,14.7647
978,2017,10,9,Silverstone Circuit,Silverstone,UK,52.0786,-1.01694
979,2017,11,11,Hungaroring,Budapest,Hungary,47.5789,19.2486
980,2017,12,13,Circuit de Spa-Francorchamps,Spa,Belgium,50.4372,5.97139
981,2017,13,14,Autodromo Nazionale di Monza,Monza,Italy,45.6156,9.28111
982,2017,14,15,Marina Bay Street Circuit,Marina Bay,Singapore,1.2914,103.864
983,2017,15,2,Sepang International Circuit,Kuala Lumpur,Malaysia,2.76083,101.738
984,2017,16,22,Suzuka Circuit,Suzuka,Japan,34.8431,136.541
985,2017,17,69,Circuit of the Americas,Austin,USA,30.1328,-97.6411
986,2017,18,32,Autódromo Hermanos Rodríguez,Mexico City,Mexico,19.4042,-99.0907
987,2017,19,18,Autódromo José Carlos Pace,São Paulo,Brazil,-23.7036,-46.6997
988,2017,20,24,Yas Marina Circuit,Abu Dhabi,UAE,24.4672,54.6031
989,2018,1,1,Albert Park Grand Prix Circuit,Melbourne,Australia,-37.8497,144.968
990,2018,2,3,Bahrain International Circuit,Sakhir,Bahrain,26.0325,50.5106
991,2018,3,17,Shanghai International Circuit,Shanghai,China,31.3389,121.22
992,2018,4,73,Baku City Circuit,Baku,Azerbaijan,40.3725,49.8533
993,2018,5,4,Circuit de Barcelona-Catalunya,Montmeló,Spain,41.57,2.26111
994,2018,6,6,Circuit de Monaco,Monte-Carlo,Monaco,43.7347,7.42056
995,2018,7,7,Circuit Gilles Villeneuve,Montreal,Canada,45.5,-73.5228
996,2018,8,34,Circuit Paul Ricard,Le Castellet,France,43.2506,5.79167
997,2018,9,70,Red Bull Ring,Spielberg,Austria,47.2197,14.7647
998,2018,10,9,Silverstone Circuit,Silverstone,UK,52.0786,-1.01694
999,2018,11,10,Hockenheimring,Hockenheim,Germany,49.3278,8.56583
1000,2018,12,11,Hungaroring,Budapest,Hungary,47.5789,19.2486
1001,2018,13,13,Circuit de Spa-Francorchamps,Spa,Belgium,50.4372,5.97139
1002,2018,14,14,Autodromo Nazionale di Monza,Monza,Italy,45.6156,9.28111
1003,2018,15,15,Marina Bay Street Circuit,Marina Bay,Singapore,1.2914,103.864
1004,2018,16,71,Sochi Autodrom,Sochi,Russia,43.4057,39.9578
1005,2018,17,22,Suzuka Circuit,Suzuka,Japan,34.8431,136.541
1006,2018,18,69,Circuit of the Americas,Austin,USA,30.1328,-97.6411
1007,2018,19,32,Autódromo Hermanos Rodríguez,Mexico City,Mexico,19.4042,-99.0907
1008,2018,20,18,Autódromo José Carlos Pace,São Paulo,Brazil,-23.7036,-46.6997
1009,2018,21,24,Yas Marina Circuit,Abu Dhabi,UAE,24.4672,54.6031
1010,2019,1,1,Albert Park Grand Prix Circuit,Melbourne,Australia,-37.8497,144.968
1011,2019,2,3,Bahrain International Circuit,Sakhir,Bahrain,26.0325,50.5106
1012,2019,3,17,Shanghai International Circuit,Shanghai,China,31.3389,121.22
1013,2019,4,73,Baku City Circuit,Baku,Azerbaijan,40.3725,49.8533
1014,2019,5,4,Circuit de Barcelona-Catalunya,Montmeló,Spain,41.57,2.26111
1015,2019,6,6,Circuit de Monaco,Monte-Carlo,Monaco,43.7347,7.42056
1016,2019,7,7,Circuit Gilles Villeneuve,Montreal,Canada,45.5,-73.5228
1017,2019,8,34,Circuit Paul Ricard,Le Castellet,France,43.2506,5.79167
1018,2019,9,70,Red Bull Ring,Spielberg,Austria,47.2197,14.7647
1019,2019,10,9,Silverstone Circuit,Silverstone,UK,52.0786,-1.01694
1020,2019,11,10,Hockenheimring,Hockenheim,Germany,49.3278,8.56583
1021,2019,12,11,Hungaroring,Budapest,Hungary,47.5789,19.2486
1022,2019,13,13,Circuit de Spa-Francorchamps,Spa,Belgium,50.4372,5.97139
1023,2019,14,14,Autodromo Nazionale di Monza,Monza,Italy,45.6156,9.28111
1024,2019,15,15,Marina Bay Street Circuit,Marina Bay,Singapore,1.2914,103.864
1025,2019,16,71,Sochi Autodrom,Sochi,Russia,43.4057,39.9578
1026,2019,17,22,Suzuka Circuit,Suzuka,Japan,34.8431,136.541
1027,2019,18,32,Autódromo Hermanos Rodríguez,Mexico City,Mexico,19.4042,-99.0907
1028,2019,19,69,Circuit of the Americas,Austin,USA,30.1328,-97.6411
1029,2019,20,18,Autódromo José Carlos Pace,São Paulo,Brazil,-23.7036,-46.6997
1030,2019,21,24,Yas Marina Circuit,Abu Dhabi,UAE,24.4672,54.6031
1031,2020,1,70,Red Bull Ring,Spielberg,Austria,47.2197,14.7647
1032,2020,2,70,Red Bull Ring,Spielberg,Austria,47.2197,14.7647
1033,2020,3,11,Hungaroring,Budapest,Hungary,47.5789,19.2486
1034,2020,4,9,Silverstone Circuit,Silverstone,UK,52.0786,-1.01694
1035,2020,5,9,Silverstone Circuit,Silverstone,UK,52.0786,-1.01694
1036,2020,6,4,Circuit de Barcelona-Catalunya,Montmeló,Spain,41.57,2.26111
1037,2020,7,13,Circuit de Spa-Francorchamps,Spa,Belgium,50.4372,5.97139
1038,2020,8,14,Autodromo Nazionale di Monza,Monza,Italy,45.6156,9.28111
1039,2020,9,76,Autodromo Internazionale del Mugello,Mugello,Italy,43.9975,11.3719
1040,2020,10,71,Sochi Autodrom,Sochi,Russia,43.4057,39.9578
1041,2020,11,20,Nürburgring,Nürburg,Germany,50.3356,6.9475
1042,2020,12,75,Autódromo Internacional do Algarve,Portimão,Portugal,37.227,-8.6267
1043,2020,13,21,Autodromo Enzo e Dino Ferrari,Imola,Italy,44.3439,11.7167
1044,2020,14,5,Istanbul Park,Istanbul,Turkey,40.9517,29.405
1045,2020,15,3,Bahrain International Circuit,Sakhir,Bahrain,26.0325,50.5106
1046,2020,16,3,Bahrain International Circuit,Sakhir,Bahrain,26.0325,50.5106
1047,2020,17,24,Yas Marina Circuit,Abu Dhabi,UAE,24.4672,54.6031
1053,2021,2,21,Autodromo Enzo e Dino Ferrari,Imola,Italy,44.3439,11.7167
1074,2022,1,3,Bahrain International Circuit,Sakhir,Bahrain,26.0325,50.5106
1052,2021,1,3,Bahrain International Circuit,Sakhir,Bahrain,26.0325,50.5106
1051,2021,20,78,Losail International Circuit,Al Daayen,Qatar,25.49,51.4542
1054,2021,3,75,Autódromo Internacional do Algarve,Portimão,Portugal,37.227,-8.6267
1055,2021,4,4,Circuit de Barcelona-Catalunya,Montmeló,Spain,41.57,2.26111
1056,2021,5,6,Circuit de Monaco,Monte-Carlo,Monaco,43.7347,7.42056
1057,2021,6,73,Baku City Circuit,Baku,Azerbaijan,40.3725,49.8533
1058,2021,8,70,Red Bull Ring,Spielberg,Austria,47.2197,14.7647
1059,2021,7,34,Circuit Paul Ricard,Le Castellet,France,43.2506,5.79167
1060,2021,9,70,Red Bull Ring,Spielberg,Austria,47.2197,14.7647
1061,2021,10,9,Silverstone Circuit,Silverstone,UK,52.0786,-1.01694
1062,2021,11,11,Hungaroring,Budapest,Hungary,47.5789,19.2486
1063,2021,12,13,Circuit de Spa-Francorchamps,Spa,Belgium,50.4372,5.97139
1064,2021,13,39,Circuit Park Zandvoort,Zandvoort,Netherlands,52.3888,4.54092
1065,2021,14,14,Autodromo Nazionale di Monza,Monza,Italy,45.6156,9.28111
1066,2021,15,71,Sochi Autodrom,Sochi,Russia,43.4057,39.9578
1067,2021,16,5,Istanbul Park,Istanbul,Turkey,40.9517,29.405
1069,2021,17,69,Circuit of the Americas,Austin,USA,30.1328,-97.6411
1070,2021,18,32,Autódromo Hermanos Rodríguez,Mexico City,Mexico,19.4042,-99.0907
1071,2021,19,18,Autódromo José Carlos Pace,São Paulo,Brazil,-23.7036,-46.6997
1072,2021,21,77,Jeddah Corniche Circuit,Jeddah,Saudi Arabia,21.6319,39.1044
1073,2021,22,24,Yas Marina Circuit,Abu Dhabi,UAE,24.4672,54.6031
1075,2022,2,77,Jeddah Corniche Circuit,Jeddah,Saudi Arabia,21.6319,39.1044
1076,2022,3,1,Albert Park Grand Prix Circuit,Melbourne,Australia,-37.8497,144.968
1077,2022,4,21,Autodromo Enzo e Dino Ferrari,Imola,Italy,44.3439,11.7167
1078,2022,5,79,Miami International Autodrome,Miami,USA,25.9581,-80.2389
1079,2022,6,4,Circuit de Barcelona-Catalunya,Montmeló,Spain,41.57,2.26111
1080,2022,7,6,Circuit de Monaco,Monte-Carlo,Monaco,43.7347,7.42056
1081,2022,8,73,Baku City Circuit,Baku,Azerbaijan,40.3725,49.8533
1082,2022,9,7,Circuit Gilles Villeneuve,Montreal,Canada,45.5,-73.5228
1083,2022,10,9,Silverstone Circuit,Silverstone,UK,52.0786,-1.01694
1084,2022,11,70,Red Bull Ring,Spielberg,Austria,47.2197,14.7647
1085,2022,12,34,Circuit Paul Ricard,Le Castellet,France,43.2506,5.79167
1086,2022,13,11,Hungaroring,Budapest,Hungary,47.5789,19.2486
1087,2022,14,13,Circuit de Spa-Francorchamps,Spa,Belgium,50.4372,5.97139
1088,2022,15,39,Circuit Park Zandvoort,Zandvoort,Netherlands,52.3888,4.54092
1089,2022,16,14,Autodromo Nazionale di Monza,Monza,Italy,45.6156,9.28111
1091,2022,17,15,Marina Bay Street Circuit,Marina Bay,Singapore,1.2914,103.864
1092,2022,18,22,Suzuka Circuit,Suzuka,Japan,34.8431,136.541
1093,2022,19,69,Circuit of the Americas,Austin,USA,30.1328,-97.6411
1094,2022,20,32,Autódromo Hermanos Rodríguez,Mexico City,Mexico,19.4042,-99.0907
1095,2022,21,18,Autódromo José Carlos Pace,São Paulo,Brazil,-23.7036,-46.6997
1096,2022,22,24,Yas Marina Circuit,Abu Dhabi,UAE,24.4672,54.6031
1098,2023,1,3,Bahrain International Circuit,Sakhir,Bahrain,26.0325,50.5106
1099,2023,2,77,Jeddah Corniche Circuit,Jeddah,Saudi Arabia,21.6319,39.1044
1100,2023,3,1,Albert Park Grand Prix Circuit,Melbourne,Australia,-37.8497,144.968
1101,2023,4,73,Baku City Circuit,Baku,Azerbaijan,40.3725,49.8533
1102,2023,5,79,Miami International Autodrome,Miami,USA,25.9581,-80.2389
1104,2023,6,6,Circuit de Monaco,Monte-Carlo,Monaco,43.7347,7.42056
1105,2023,7,4,Circuit de Barcelona-Catalunya,Montmeló,Spain,41.57,2.26111
1106,2023,8,7,Circuit Gilles Villeneuve,Montreal,Canada,45.5,-73.5228
1107,2023,9,70,Red Bull Ring,Spielberg,Austria,47.2197,14.7647
1108,2023,10,9,Silverstone Circuit,Silverstone,UK,52.0786,-1.01694
1109,2023,11,11,Hungaroring,Budapest,Hungary,47.5789,19.2486
1110,2023,12,13,Circuit de Spa-Francorchamps,Spa,Belgium,50.4372,5.97139
1111,2023,13,39,Circuit Park Zandvoort,Zandvoort,Netherlands,52.3888,4.54092
1112,2023,14,14,Autodromo Nazionale di Monza,Monza,Italy,45.6156,9.28111
1113,2023,15,15,Marina Bay Street Circuit,Marina Bay,Singapore,1.2914,103.864
1114,2023,16,22,Suzuka Circuit,Suzuka,Japan,34.8431,136.541
1115,2023,17,78,Losail International Circuit,Al Daayen,Qatar,25.49,51.4542
1116,2023,18,69,Circuit of the Americas,Austin,USA,30.1328,-97.6411
1117,2023,19,32,Autódromo Hermanos Rodríguez,Mexico City,Mexico,19.4042,-99.0907
1118,2023,20,18,Autódromo José Carlos Pace,São Paulo,Brazil,-23.7036,-46.6997
1119,2023,21,80,Las Vegas Strip Street Circuit,Las Vegas,United States,36.1147,-115.173
1120,2023,22,24,Yas Marina Circuit,Abu Dhabi,UAE,24.4672,54.6031
